algorithm,time,target,r2_train,mse_train,r2_test,mse_test,complexity,equation
operon,517,nii_6584_ew,-0.9394168553777649,0.2290403245346859,-0.913243932015263,0.22928352325572032,43,(0.000359 + (0.999492 * ((0.225581 - (0.092354 * X2)) + ((tanh((tanh((((-0.118810) * X3) + (((-0.264762) * X1) + ((-0.105135) * X2)))) + tanh(((3.122515 + ((-1.402864) * X2)) + ((-0.514112) * X1))))) + ((0.205334 * X3) - ((-0.006186) * X1))) ** 2))))
operon,595,halpha_ew,-0.6306937107197759,0.36315942079633867,-0.6267518870466702,0.3671842908121431,45,((-0.002128) + (1.001659 * exp((((((-2.360553) * X2) - ((1.647991 * X1) + (-5.961586))) / (sqrt(1 + (((exp(((-0.060375) * X3)) - (0.550573 * X2)) * 3.200131) - (0.645062 * X1)) ** 2))) + ((((-0.051542) * X2) + tanh((0.157847 * X2))) + log((((-0.101255) * X2) - (-0.212541))))))))
operon,535,oiii_5007_ew,-0.3668400014450781,0.3816175554243925,-0.37430080819143474,0.37810062834407915,49,((-0.000017) + (0.999995 * ((0.067043 * X1) - (((0.535299 / (sqrt(1 + (0.435064 * X1) ** 2))) / (sqrt(1 + ((((-0.261987) * X1) + ((-0.800745) * X2)) + ((-0.698657) * X3)) ** 2))) + (((0.221022 * X2) + ((0.015178 - ((-0.337991) * X1)) / (sqrt(1 + (((0.431681 * X1) + (0.341618 * X2)) + ((-0.647559) * X3)) ** 2)))) + (-0.705972))))))
operon,527,hbeta_ew,-0.6026941926189313,0.29786103202376113,-0.601541713131913,0.3007372994742319,45,(0.000026 + (0.999900 * ((((2.258608 - (0.100634 * X1)) - (0.049387 * X2)) - exp((0.262761 * X2))) + tanh((((-0.074537) * X1) - ((0.774095 + (((-0.211644) * X2) - (0.176085 * X3))) + exp((((-4.495183) - ((-1.668632) * X1)) + exp((0.842793 * X2))))))))))
pysr,3481,nii_6584_ew,0.5401340224775104,0.05430903234761025,0.5458168494597021,0.05442939669986208,25,0.020409*(-x2 + exp(0.52642*x0 + 0.52642*x1 + 0.349742*Abs(x1)) - 7.290028)**2 + Abs(0.095581*x1 - 0.0151065)
pysr,4290,halpha_ew,0.7469068982482183,0.0563644439391111,0.7513044364064758,0.0561346231551011,25,Abs((x0 + 1.310716*x1 - tanh(x2))/(x1 + tanh(x0) + tanh(x2*(x1 + 0.504337)) - 5.16159) + 1.263773)
pysr,2170,oiii_5007_ew,0.5887144946797838,0.11482965742577705,0.590143782148054,0.11276053435818276,25,-0.210022*x0 - 0.210022*x1 + 0.210022*sqrt(Abs(x0*(tanh(x2*exp(-tanh(x1))) - 0.663031)) + Abs(x1 + x2)) + 0.055787
pysr,5074,hbeta_ew,0.7234092932359344,0.051404437443116555,0.7316652655318768,0.050387862356246746,25,log(-0.756958*x0 - x1 + tanh((x2 + 0.797446)*tanh(tanh(x0 + Abs(x1) - 2.478078))**2) + 3.946521) - 0.873126
