combo,complexity_nii_6584_ew,complexity_halpha_ew,complexity_oiii_5007_ew,complexity_hbeta_ew,r2_nii_6584_ew,r2_halpha_ew,r2_oiii_5007_ew,r2_hbeta_ew,mse_test_nii_6584_ew,mse_test_halpha_ew,mse_test_oiii_5007_ew,mse_test_hbeta_ew,mse_total
43-47-49-45,43,47,49,45,0.5395240187644958,0.7470830082893372,0.5918325185775757,0.7217460870742798,0.0545001875961745,0.05615386120428056,0.11166307782829818,0.05084629435981709,0.2731634209885703
43-47-49-44,43,47,49,44,0.5395240187644958,0.7470830082893372,0.5918325185775757,0.721671462059021,0.0545001875961745,0.05615386120428056,0.11166307782829818,0.050854788749363035,0.27317191537811625
43-47-47-45,43,47,47,45,0.5395240187644958,0.7470830082893372,0.5916110873222351,0.7217460870742798,0.0545001875961745,0.05615386120428056,0.11167496598605615,0.05084629435981709,0.2731753091463283
43-47-48-45,43,47,48,45,0.5395240187644958,0.7470830082893372,0.5917304754257202,0.7217460870742798,0.0545001875961745,0.05615386120428056,0.11167644356041376,0.05084629435981709,0.2731767867206859
43-48-49-45,43,48,49,45,0.5395240187644958,0.747119128704071,0.5918325185775757,0.7217460870742798,0.0545001875961745,0.056167790685154546,0.11166307782829818,0.05084629435981709,0.2731773504694443
43-47-47-44,43,47,47,44,0.5395240187644958,0.7470830082893372,0.5916110873222351,0.721671462059021,0.0545001875961745,0.05615386120428056,0.11167496598605615,0.050854788749363035,0.27318380353587424
43-47-48-44,43,47,48,44,0.5395240187644958,0.7470830082893372,0.5917304754257202,0.721671462059021,0.0545001875961745,0.05615386120428056,0.11167644356041376,0.050854788749363035,0.2731852811102318
43-48-49-44,43,48,49,44,0.5395240187644958,0.747119128704071,0.5918325185775757,0.721671462059021,0.0545001875961745,0.056167790685154546,0.11166307782829818,0.050854788749363035,0.2731858448589903
43-48-47-45,43,48,47,45,0.5395240187644958,0.747119128704071,0.5916110873222351,0.7217460870742798,0.0545001875961745,0.056167790685154546,0.11167496598605615,0.05084629435981709,0.2731892386272023
43-48-48-45,43,48,48,45,0.5395240187644958,0.747119128704071,0.5917304754257202,0.7217460870742798,0.0545001875961745,0.056167790685154546,0.11167644356041376,0.05084629435981709,0.2731907162015599
43-48-47-44,43,48,47,44,0.5395240187644958,0.747119128704071,0.5916110873222351,0.721671462059021,0.0545001875961745,0.056167790685154546,0.11167496598605615,0.050854788749363035,0.2731977330167482
43-48-48-44,43,48,48,44,0.5395240187644958,0.747119128704071,0.5917304754257202,0.721671462059021,0.0545001875961745,0.056167790685154546,0.11167644356041376,0.050854788749363035,0.27319921059110586
47-47-49-45,47,47,49,45,0.5391425490379333,0.7470830082893372,0.5918325185775757,0.7217460870742798,0.054551907544883246,0.05615386120428056,0.11166307782829818,0.05084629435981709,0.27321514093727906
47-47-49-44,47,47,49,44,0.5391425490379333,0.7470830082893372,0.5918325185775757,0.721671462059021,0.054551907544883246,0.05615386120428056,0.11166307782829818,0.050854788749363035,0.27322363532682503
47-47-47-45,47,47,47,45,0.5391425490379333,0.7470830082893372,0.5916110873222351,0.7217460870742798,0.054551907544883246,0.05615386120428056,0.11167496598605615,0.05084629435981709,0.27322702909503704
47-47-48-45,47,47,48,45,0.5391425490379333,0.7470830082893372,0.5917304754257202,0.7217460870742798,0.054551907544883246,0.05615386120428056,0.11167644356041376,0.05084629435981709,0.27322850666939463
47-48-49-45,47,48,49,45,0.5391425490379333,0.747119128704071,0.5918325185775757,0.7217460870742798,0.054551907544883246,0.056167790685154546,0.11166307782829818,0.05084629435981709,0.2732290704181531
47-47-47-44,47,47,47,44,0.5391425490379333,0.7470830082893372,0.5916110873222351,0.721671462059021,0.054551907544883246,0.05615386120428056,0.11167496598605615,0.050854788749363035,0.273235523484583
43-47-44-45,43,47,44,45,0.5395240187644958,0.7470830082893372,0.591278076171875,0.7217460870742798,0.0545001875961745,0.05615386120428056,0.11173585711654588,0.05084629435981709,0.27323620027681805
47-47-48-44,47,47,48,44,0.5391425490379333,0.7470830082893372,0.5917304754257202,0.721671462059021,0.054551907544883246,0.05615386120428056,0.11167644356041376,0.050854788749363035,0.2732370010589406
47-48-49-44,47,48,49,44,0.5391425490379333,0.747119128704071,0.5918325185775757,0.721671462059021,0.054551907544883246,0.056167790685154546,0.11166307782829818,0.050854788749363035,0.273237564807699
47-48-47-45,47,48,47,45,0.5391425490379333,0.747119128704071,0.5916110873222351,0.7217460870742798,0.054551907544883246,0.056167790685154546,0.11167496598605615,0.05084629435981709,0.273240958575911
47-48-48-45,47,48,48,45,0.5391425490379333,0.747119128704071,0.5917304754257202,0.7217460870742798,0.054551907544883246,0.056167790685154546,0.11167644356041376,0.05084629435981709,0.27324243615026866
43-47-43-45,43,47,43,45,0.5395240187644958,0.7470830082893372,0.5911560654640198,0.7217460870742798,0.0545001875961745,0.05615386120428056,0.11174325465546278,0.05084629435981709,0.27324359781573493
43-47-44-44,43,47,44,44,0.5395240187644958,0.7470830082893372,0.591278076171875,0.721671462059021,0.0545001875961745,0.05615386120428056,0.11173585711654588,0.050854788749363035,0.273244694666364
47-48-47-44,47,48,47,44,0.5391425490379333,0.747119128704071,0.5916110873222351,0.721671462059021,0.054551907544883246,0.056167790685154546,0.11167496598605615,0.050854788749363035,0.273249452965457
43-48-44-45,43,48,44,45,0.5395240187644958,0.747119128704071,0.591278076171875,0.7217460870742798,0.0545001875961745,0.056167790685154546,0.11173585711654588,0.05084629435981709,0.27325012975769203
47-48-48-44,47,48,48,44,0.5391425490379333,0.747119128704071,0.5917304754257202,0.721671462059021,0.054551907544883246,0.056167790685154546,0.11167644356041376,0.050854788749363035,0.2732509305398146
43-47-43-44,43,47,43,44,0.5395240187644958,0.7470830082893372,0.5911560654640198,0.721671462059021,0.0545001875961745,0.05615386120428056,0.11174325465546278,0.050854788749363035,0.27325209220528085
43-47-49-43,43,47,49,43,0.5395240187644958,0.7470830082893372,0.5918325185775757,0.7212280035018921,0.0545001875961745,0.05615386120428056,0.11166307782829818,0.05093583610717092,0.27325296273592414
43-48-43-45,43,48,43,45,0.5395240187644958,0.747119128704071,0.5911560654640198,0.7217460870742798,0.0545001875961745,0.056167790685154546,0.11174325465546278,0.05084629435981709,0.2732575272966089
43-48-44-44,43,48,44,44,0.5395240187644958,0.747119128704071,0.591278076171875,0.721671462059021,0.0545001875961745,0.056167790685154546,0.11173585711654588,0.050854788749363035,0.27325862414723795
43-47-47-43,43,47,47,43,0.5395240187644958,0.7470830082893372,0.5916110873222351,0.7212280035018921,0.0545001875961745,0.05615386120428056,0.11167496598605615,0.05093583610717092,0.27326485089368213
43-48-43-44,43,48,43,44,0.5395240187644958,0.747119128704071,0.5911560654640198,0.721671462059021,0.0545001875961745,0.056167790685154546,0.11174325465546278,0.050854788749363035,0.2732660216861549
43-47-48-43,43,47,48,43,0.5395240187644958,0.7470830082893372,0.5917304754257202,0.7212280035018921,0.0545001875961745,0.05615386120428056,0.11167644356041376,0.05093583610717092,0.2732663284680397
43-48-49-43,43,48,49,43,0.5395240187644958,0.747119128704071,0.5918325185775757,0.7212280035018921,0.0545001875961745,0.056167790685154546,0.11166307782829818,0.05093583610717092,0.2732668922167981
44-47-49-45,44,47,49,45,0.538781464099884,0.7470830082893372,0.5918325185775757,0.7217460870742798,0.05460980322267459,0.05615386120428056,0.11166307782829818,0.05084629435981709,0.2732730366150704
43-48-47-43,43,48,47,43,0.5395240187644958,0.747119128704071,0.5916110873222351,0.7212280035018921,0.0545001875961745,0.056167790685154546,0.11167496598605615,0.05093583610717092,0.2732787803745561
43-48-48-43,43,48,48,43,0.5395240187644958,0.747119128704071,0.5917304754257202,0.7212280035018921,0.0545001875961745,0.056167790685154546,0.11167644356041376,0.05093583610717092,0.27328025794891375
44-47-49-44,44,47,49,44,0.538781464099884,0.7470830082893372,0.5918325185775757,0.721671462059021,0.05460980322267459,0.05615386120428056,0.11166307782829818,0.050854788749363035,0.2732815310046164
44-47-47-45,44,47,47,45,0.538781464099884,0.7470830082893372,0.5916110873222351,0.7217460870742798,0.05460980322267459,0.05615386120428056,0.11167496598605615,0.05084629435981709,0.2732849247728284
44-47-48-45,44,47,48,45,0.538781464099884,0.7470830082893372,0.5917304754257202,0.7217460870742798,0.05460980322267459,0.05615386120428056,0.11167644356041376,0.05084629435981709,0.273286402347186
44-48-49-45,44,48,49,45,0.538781464099884,0.747119128704071,0.5918325185775757,0.7217460870742798,0.05460980322267459,0.056167790685154546,0.11166307782829818,0.05084629435981709,0.2732869660959444
47-47-44-45,47,47,44,45,0.5391425490379333,0.7470830082893372,0.591278076171875,0.7217460870742798,0.054551907544883246,0.05615386120428056,0.11173585711654588,0.05084629435981709,0.2732879202255268
44-47-47-44,44,47,47,44,0.538781464099884,0.7470830082893372,0.5916110873222351,0.721671462059021,0.05460980322267459,0.05615386120428056,0.11167496598605615,0.050854788749363035,0.2732934191623743
44-47-48-44,44,47,48,44,0.538781464099884,0.7470830082893372,0.5917304754257202,0.721671462059021,0.05460980322267459,0.05615386120428056,0.11167644356041376,0.050854788749363035,0.27329489673673196
47-47-43-45,47,47,43,45,0.5391425490379333,0.7470830082893372,0.5911560654640198,0.7217460870742798,0.054551907544883246,0.05615386120428056,0.11174325465546278,0.05084629435981709,0.27329531776444366
44-48-49-44,44,48,49,44,0.538781464099884,0.747119128704071,0.5918325185775757,0.721671462059021,0.05460980322267459,0.056167790685154546,0.11166307782829818,0.050854788749363035,0.27329546048549036
47-47-44-44,47,47,44,44,0.5391425490379333,0.7470830082893372,0.591278076171875,0.721671462059021,0.054551907544883246,0.05615386120428056,0.11173585711654588,0.050854788749363035,0.2732964146150727
44-48-47-45,44,48,47,45,0.538781464099884,0.747119128704071,0.5916110873222351,0.7217460870742798,0.05460980322267459,0.056167790685154546,0.11167496598605615,0.05084629435981709,0.2732988542537024
44-48-48-45,44,48,48,45,0.538781464099884,0.747119128704071,0.5917304754257202,0.7217460870742798,0.05460980322267459,0.056167790685154546,0.11167644356041376,0.05084629435981709,0.27330033182806
47-48-44-45,47,48,44,45,0.5391425490379333,0.747119128704071,0.591278076171875,0.7217460870742798,0.054551907544883246,0.056167790685154546,0.11173585711654588,0.05084629435981709,0.27330184970640076
47-47-43-44,47,47,43,44,0.5391425490379333,0.7470830082893372,0.5911560654640198,0.721671462059021,0.054551907544883246,0.05615386120428056,0.11174325465546278,0.050854788749363035,0.27330381215398963
47-47-49-43,47,47,49,43,0.5391425490379333,0.7470830082893372,0.5918325185775757,0.7212280035018921,0.054551907544883246,0.05615386120428056,0.11166307782829818,0.05093583610717092,0.2733046826846329
44-48-47-44,44,48,47,44,0.538781464099884,0.747119128704071,0.5916110873222351,0.721671462059021,0.05460980322267459,0.056167790685154546,0.11167496598605615,0.050854788749363035,0.27330734864324835
44-48-48-44,44,48,48,44,0.538781464099884,0.747119128704071,0.5917304754257202,0.721671462059021,0.05460980322267459,0.056167790685154546,0.11167644356041376,0.050854788749363035,0.27330882621760594
47-48-43-45,47,48,43,45,0.5391425490379333,0.747119128704071,0.5911560654640198,0.7217460870742798,0.054551907544883246,0.056167790685154546,0.11174325465546278,0.05084629435981709,0.2733092472453177
43-47-45-45,43,47,45,45,0.5395240187644958,0.7470830082893372,0.5912417769432068,0.7217460870742798,0.0545001875961745,0.05615386120428056,0.1118089871202269,0.05084629435981709,0.27330933028049903
47-48-44-44,47,48,44,44,0.5391425490379333,0.747119128704071,0.591278076171875,0.721671462059021,0.054551907544883246,0.056167790685154546,0.11173585711654588,0.050854788749363035,0.2733103440959467
47-47-47-43,47,47,47,43,0.5391425490379333,0.7470830082893372,0.5916110873222351,0.7212280035018921,0.054551907544883246,0.05615386120428056,0.11167496598605615,0.05093583610717092,0.27331657084239086
47-48-43-44,47,48,43,44,0.5391425490379333,0.747119128704071,0.5911560654640198,0.721671462059021,0.054551907544883246,0.056167790685154546,0.11174325465546278,0.050854788749363035,0.2733177416348636
43-47-45-44,43,47,45,44,0.5395240187644958,0.7470830082893372,0.5912417769432068,0.721671462059021,0.0545001875961745,0.05615386120428056,0.1118089871202269,0.050854788749363035,0.273317824670045
47-47-48-43,47,47,48,43,0.5391425490379333,0.7470830082893372,0.5917304754257202,0.7212280035018921,0.054551907544883246,0.05615386120428056,0.11167644356041376,0.05093583610717092,0.2733180484167485
47-48-49-43,47,48,49,43,0.5391425490379333,0.747119128704071,0.5918325185775757,0.7212280035018921,0.054551907544883246,0.056167790685154546,0.11166307782829818,0.05093583610717092,0.2733186121655069
43-48-45-45,43,48,45,45,0.5395240187644958,0.747119128704071,0.5912417769432068,0.7217460870742798,0.0545001875961745,0.056167790685154546,0.1118089871202269,0.05084629435981709,0.27332325976137306
43-47-44-43,43,47,44,43,0.5395240187644958,0.7470830082893372,0.591278076171875,0.7212280035018921,0.0545001875961745,0.05615386120428056,0.11173585711654588,0.05093583610717092,0.27332574202417187
47-48-47-43,47,48,47,43,0.5391425490379333,0.747119128704071,0.5916110873222351,0.7212280035018921,0.054551907544883246,0.056167790685154546,0.11167496598605615,0.05093583610717092,0.2733305003232649
43-48-45-44,43,48,45,44,0.5395240187644958,0.747119128704071,0.5912417769432068,0.721671462059021,0.0545001875961745,0.056167790685154546,0.1118089871202269,0.050854788749363035,0.273331754150919
47-48-48-43,47,48,48,43,0.5391425490379333,0.747119128704071,0.5917304754257202,0.7212280035018921,0.054551907544883246,0.056167790685154546,0.11167644356041376,0.05093583610717092,0.2733319778976225
43-47-43-43,43,47,43,43,0.5395240187644958,0.7470830082893372,0.5911560654640198,0.7212280035018921,0.0545001875961745,0.05615386120428056,0.11174325465546278,0.05093583610717092,0.27333313956308875
43-48-44-43,43,48,44,43,0.5395240187644958,0.747119128704071,0.591278076171875,0.7212280035018921,0.0545001875961745,0.056167790685154546,0.11173585711654588,0.05093583610717092,0.27333967150504584
44-47-44-45,44,47,44,45,0.538781464099884,0.7470830082893372,0.591278076171875,0.7217460870742798,0.05460980322267459,0.05615386120428056,0.11173585711654588,0.05084629435981709,0.27334581590331813
43-48-43-43,43,48,43,43,0.5395240187644958,0.747119128704071,0.5911560654640198,0.7212280035018921,0.0545001875961745,0.056167790685154546,0.11174325465546278,0.05093583610717092,0.2733470690439628
44-47-43-45,44,47,43,45,0.538781464099884,0.7470830082893372,0.5911560654640198,0.7217460870742798,0.05460980322267459,0.05615386120428056,0.11174325465546278,0.05084629435981709,0.273353213442235
44-47-44-44,44,47,44,44,0.538781464099884,0.7470830082893372,0.591278076171875,0.721671462059021,0.05460980322267459,0.05615386120428056,0.11173585711654588,0.050854788749363035,0.27335431029286406
44-48-44-45,44,48,44,45,0.538781464099884,0.747119128704071,0.591278076171875,0.7217460870742798,0.05460980322267459,0.056167790685154546,0.11173585711654588,0.05084629435981709,0.2733597453841921
47-47-45-45,47,47,45,45,0.5391425490379333,0.7470830082893372,0.5912417769432068,0.7217460870742798,0.054551907544883246,0.05615386120428056,0.1118089871202269,0.05084629435981709,0.2733610502292078
44-47-43-44,44,47,43,44,0.538781464099884,0.7470830082893372,0.5911560654640198,0.721671462059021,0.05460980322267459,0.05615386120428056,0.11174325465546278,0.050854788749363035,0.273361707831781
44-47-49-43,44,47,49,43,0.538781464099884,0.7470830082893372,0.5918325185775757,0.7212280035018921,0.05460980322267459,0.05615386120428056,0.11166307782829818,0.05093583610717092,0.2733625783624243
44-48-43-45,44,48,43,45,0.538781464099884,0.747119128704071,0.5911560654640198,0.7217460870742798,0.05460980322267459,0.056167790685154546,0.11174325465546278,0.05084629435981709,0.27336714292310904
44-48-44-44,44,48,44,44,0.538781464099884,0.747119128704071,0.591278076171875,0.721671462059021,0.05460980322267459,0.056167790685154546,0.11173585711654588,0.050854788749363035,0.27336823977373803
43-49-49-45,43,49,49,45,0.5395240187644958,0.7463195323944092,0.5918325185775757,0.7217460870742798,0.0545001875961745,0.05635883763550915,0.11166307782829818,0.05084629435981709,0.2733683974197989
47-47-45-44,47,47,45,44,0.5391425490379333,0.7470830082893372,0.5912417769432068,0.721671462059021,0.054551907544883246,0.05615386120428056,0.1118089871202269,0.050854788749363035,0.27336954461875373
44-47-47-43,44,47,47,43,0.538781464099884,0.7470830082893372,0.5916110873222351,0.7212280035018921,0.05460980322267459,0.05615386120428056,0.11167496598605615,0.05093583610717092,0.2733744665201822
47-48-45-45,47,48,45,45,0.5391425490379333,0.747119128704071,0.5912417769432068,0.7217460870742798,0.054551907544883246,0.056167790685154546,0.1118089871202269,0.05084629435981709,0.2733749797100818
44-48-43-44,44,48,43,44,0.538781464099884,0.747119128704071,0.5911560654640198,0.721671462059021,0.05460980322267459,0.056167790685154546,0.11174325465546278,0.050854788749363035,0.27337563731265496
43-47-46-45,43,47,46,45,0.5395240187644958,0.7470830082893372,0.5906524062156677,0.7217460870742798,0.0545001875961745,0.05615386120428056,0.11187557556415675,0.05084629435981709,0.2733759187244289
44-47-48-43,44,47,48,43,0.538781464099884,0.7470830082893372,0.5917304754257202,0.7212280035018921,0.05460980322267459,0.05615386120428056,0.11167644356041376,0.05093583610717092,0.2733759440945398
44-48-49-43,44,48,49,43,0.538781464099884,0.747119128704071,0.5918325185775757,0.7212280035018921,0.05460980322267459,0.056167790685154546,0.11166307782829818,0.05093583610717092,0.27337650784329826
43-49-49-44,43,49,49,44,0.5395240187644958,0.7463195323944092,0.5918325185775757,0.721671462059021,0.0545001875961745,0.05635883763550915,0.11166307782829818,0.050854788749363035,0.2733768918093449
47-47-44-43,47,47,44,43,0.5391425490379333,0.7470830082893372,0.591278076171875,0.7212280035018921,0.054551907544883246,0.05615386120428056,0.11173585711654588,0.05093583610717092,0.2733774619728806
43-49-47-45,43,49,47,45,0.5395240187644958,0.7463195323944092,0.5916110873222351,0.7217460870742798,0.0545001875961745,0.05635883763550915,0.11167496598605615,0.05084629435981709,0.2733802855775569
43-49-48-45,43,49,48,45,0.5395240187644958,0.7463195323944092,0.5917304754257202,0.7217460870742798,0.0545001875961745,0.05635883763550915,0.11167644356041376,0.05084629435981709,0.2733817631519145
47-48-45-44,47,48,45,44,0.5391425490379333,0.747119128704071,0.5912417769432068,0.721671462059021,0.054551907544883246,0.056167790685154546,0.1118089871202269,0.050854788749363035,0.2733834740996277
43-47-46-44,43,47,46,44,0.5395240187644958,0.7470830082893372,0.5906524062156677,0.721671462059021,0.0545001875961745,0.05615386120428056,0.11187557556415675,0.050854788749363035,0.2733844131139748
47-47-43-43,47,47,43,43,0.5391425490379333,0.7470830082893372,0.5911560654640198,0.7212280035018921,0.054551907544883246,0.05615386120428056,0.11174325465546278,0.05093583610717092,0.27338485951179753
44-48-47-43,44,48,47,43,0.538781464099884,0.747119128704071,0.5916110873222351,0.7212280035018921,0.05460980322267459,0.056167790685154546,0.11167496598605615,0.05093583610717092,0.27338839600105624
43-49-47-44,43,49,47,44,0.5395240187644958,0.7463195323944092,0.5916110873222351,0.721671462059021,0.0545001875961745,0.05635883763550915,0.11167496598605615,0.050854788749363035,0.2733887799671028
43-48-46-45,43,48,46,45,0.5395240187644958,0.747119128704071,0.5906524062156677,0.7217460870742798,0.0545001875961745,0.056167790685154546,0.11187557556415675,0.05084629435981709,0.2733898482053029
44-48-48-43,44,48,48,43,0.538781464099884,0.747119128704071,0.5917304754257202,0.7212280035018921,0.05460980322267459,0.056167790685154546,0.11167644356041376,0.05093583610717092,0.27338987357541383
43-49-48-44,43,49,48,44,0.5395240187644958,0.7463195323944092,0.5917304754257202,0.721671462059021,0.0545001875961745,0.05635883763550915,0.11167644356041376,0.050854788749363035,0.27339025754146046
47-48-44-43,47,48,44,43,0.5391425490379333,0.747119128704071,0.591278076171875,0.7212280035018921,0.054551907544883246,0.056167790685154546,0.11173585711654588,0.05093583610717092,0.2733913914537546
43-48-46-44,43,48,46,44,0.5395240187644958,0.747119128704071,0.5906524062156677,0.721671462059021,0.0545001875961745,0.056167790685154546,0.11187557556415675,0.050854788749363035,0.27339834259484885
47-48-43-43,47,48,43,43,0.5391425490379333,0.747119128704071,0.5911560654640198,0.7212280035018921,0.054551907544883246,0.056167790685154546,0.11174325465546278,0.05093583610717092,0.2733987889926715
43-47-45-43,43,47,45,43,0.5395240187644958,0.7470830082893372,0.5912417769432068,0.7212280035018921,0.0545001875961745,0.05615386120428056,0.1118089871202269,0.05093583610717092,0.27339887202785285
43-48-45-43,43,48,45,43,0.5395240187644958,0.747119128704071,0.5912417769432068,0.7212280035018921,0.0545001875961745,0.056167790685154546,0.1118089871202269,0.05093583610717092,0.2734128015087269
44-47-45-45,44,47,45,45,0.538781464099884,0.7470830082893372,0.5912417769432068,0.7217460870742798,0.05460980322267459,0.05615386120428056,0.1118089871202269,0.05084629435981709,0.2734189459069991
47-49-49-45,47,49,49,45,0.5391425490379333,0.7463195323944092,0.5918325185775757,0.7217460870742798,0.054551907544883246,0.05635883763550915,0.11166307782829818,0.05084629435981709,0.2734201173685077
44-47-45-44,44,47,45,44,0.538781464099884,0.7470830082893372,0.5912417769432068,0.721671462059021,0.05460980322267459,0.05615386120428056,0.1118089871202269,0.050854788749363035,0.2734274402965451
47-47-46-45,47,47,46,45,0.5391425490379333,0.7470830082893372,0.5906524062156677,0.7217460870742798,0.054551907544883246,0.05615386120428056,0.11187557556415675,0.05084629435981709,0.27342763867313763
47-49-49-44,47,49,49,44,0.5391425490379333,0.7463195323944092,0.5918325185775757,0.721671462059021,0.054551907544883246,0.05635883763550915,0.11166307782829818,0.050854788749363035,0.2734286117580536
47-49-47-45,47,49,47,45,0.5391425490379333,0.7463195323944092,0.5916110873222351,0.7217460870742798,0.054551907544883246,0.05635883763550915,0.11167496598605615,0.05084629435981709,0.2734320055262656
44-48-45-45,44,48,45,45,0.538781464099884,0.747119128704071,0.5912417769432068,0.7217460870742798,0.05460980322267459,0.056167790685154546,0.1118089871202269,0.05084629435981709,0.27343287538787314
47-49-48-45,47,49,48,45,0.5391425490379333,0.7463195323944092,0.5917304754257202,0.7217460870742798,0.054551907544883246,0.05635883763550915,0.11167644356041376,0.05084629435981709,0.27343348310062326
44-47-44-43,44,47,44,43,0.538781464099884,0.7470830082893372,0.591278076171875,0.7212280035018921,0.05460980322267459,0.05615386120428056,0.11173585711654588,0.05093583610717092,0.27343535765067195
47-47-46-44,47,47,46,44,0.5391425490379333,0.7470830082893372,0.5906524062156677,0.721671462059021,0.054551907544883246,0.05615386120428056,0.11187557556415675,0.050854788749363035,0.2734361330626836
47-49-47-44,47,49,47,44,0.5391425490379333,0.7463195323944092,0.5916110873222351,0.721671462059021,0.054551907544883246,0.05635883763550915,0.11167496598605615,0.050854788749363035,0.2734404999158116
43-49-44-45,43,49,44,45,0.5395240187644958,0.7463195323944092,0.591278076171875,0.7217460870742798,0.0545001875961745,0.05635883763550915,0.11173585711654588,0.05084629435981709,0.27344117670804663
44-48-45-44,44,48,45,44,0.538781464099884,0.747119128704071,0.5912417769432068,0.721671462059021,0.05460980322267459,0.056167790685154546,0.1118089871202269,0.050854788749363035,0.27344136977741906
47-48-46-45,47,48,46,45,0.5391425490379333,0.747119128704071,0.5906524062156677,0.7217460870742798,0.054551907544883246,0.056167790685154546,0.11187557556415675,0.05084629435981709,0.27344156815401166
43-45-49-45,43,45,49,45,0.5395240187644958,0.746122419834137,0.5918325185775757,0.7217460870742798,0.0545001875961745,0.05643206615154384,0.11166307782829818,0.05084629435981709,0.2734416259358336
45-47-49-45,45,47,49,45,0.5376781225204468,0.7470830082893372,0.5918325185775757,0.7217460870742798,0.054778589890928577,0.05615386120428056,0.11166307782829818,0.05084629435981709,0.2734418232833244
43-46-49-45,43,46,49,45,0.5395240187644958,0.7461231350898743,0.5918325185775757,0.7217460870742798,0.0545001875961745,0.05643232816677107,0.11166307782829818,0.05084629435981709,0.27344188795106084
47-49-48-44,47,49,48,44,0.5391425490379333,0.7463195323944092,0.5917304754257202,0.721671462059021,0.054551907544883246,0.05635883763550915,0.11167644356041376,0.050854788749363035,0.2734419774901692
44-47-43-43,44,47,43,43,0.538781464099884,0.7470830082893372,0.5911560654640198,0.7212280035018921,0.05460980322267459,0.05615386120428056,0.11174325465546278,0.05093583610717092,0.2734427551895888
43-44-49-45,43,44,49,45,0.5395240187644958,0.746117115020752,0.5918325185775757,0.7217460870742798,0.0545001875961745,0.05643351845267544,0.11166307782829818,0.05084629435981709,0.27344307823696523
43-43-49-45,43,43,49,45,0.5395240187644958,0.746117115020752,0.5918325185775757,0.7217460870742798,0.0545001875961745,0.05643351986105618,0.11166307782829818,0.05084629435981709,0.273443079645346
43-49-43-45,43,49,43,45,0.5395240187644958,0.7463195323944092,0.5911560654640198,0.7217460870742798,0.0545001875961745,0.05635883763550915,0.11174325465546278,0.05084629435981709,0.2734485742469635
44-48-44-43,44,48,44,43,0.538781464099884,0.747119128704071,0.591278076171875,0.7212280035018921,0.05460980322267459,0.056167790685154546,0.11173585711654588,0.05093583610717092,0.2734492871315459
43-49-44-44,43,49,44,44,0.5395240187644958,0.7463195323944092,0.591278076171875,0.721671462059021,0.0545001875961745,0.05635883763550915,0.11173585711654588,0.050854788749363035,0.27344967109759255
47-48-46-44,47,48,46,44,0.5391425490379333,0.747119128704071,0.5906524062156677,0.721671462059021,0.054551907544883246,0.056167790685154546,0.11187557556415675,0.050854788749363035,0.2734500625435576
43-45-49-44,43,45,49,44,0.5395240187644958,0.746122419834137,0.5918325185775757,0.721671462059021,0.0545001875961745,0.05643206615154384,0.11166307782829818,0.050854788749363035,0.2734501203253796
45-47-49-44,45,47,49,44,0.5376781225204468,0.7470830082893372,0.5918325185775757,0.721671462059021,0.054778589890928577,0.05615386120428056,0.11166307782829818,0.050854788749363035,0.27345031767287037
43-46-49-44,43,46,49,44,0.5395240187644958,0.7461231350898743,0.5918325185775757,0.721671462059021,0.0545001875961745,0.05643232816677107,0.11166307782829818,0.050854788749363035,0.2734503823406068
47-47-45-43,47,47,45,43,0.5391425490379333,0.7470830082893372,0.5912417769432068,0.7212280035018921,0.054551907544883246,0.05615386120428056,0.1118089871202269,0.05093583610717092,0.27345059197656163
43-44-49-44,43,44,49,44,0.5395240187644958,0.746117115020752,0.5918325185775757,0.721671462059021,0.0545001875961745,0.05643351845267544,0.11166307782829818,0.050854788749363035,0.27345157262651115
43-43-49-44,43,43,49,44,0.5395240187644958,0.746117115020752,0.5918325185775757,0.721671462059021,0.0545001875961745,0.05643351986105618,0.11166307782829818,0.050854788749363035,0.2734515740348919
43-45-47-45,43,45,47,45,0.5395240187644958,0.746122419834137,0.5916110873222351,0.7217460870742798,0.0545001875961745,0.05643206615154384,0.11167496598605615,0.05084629435981709,0.2734535140935916
45-47-47-45,45,47,47,45,0.5376781225204468,0.7470830082893372,0.5916110873222351,0.7217460870742798,0.054778589890928577,0.05615386120428056,0.11167496598605615,0.05084629435981709,0.2734537114410824
43-46-47-45,43,46,47,45,0.5395240187644958,0.7461231350898743,0.5916110873222351,0.7217460870742798,0.0545001875961745,0.05643232816677107,0.11167496598605615,0.05084629435981709,0.2734537761088188
43-44-47-45,43,44,47,45,0.5395240187644958,0.746117115020752,0.5916110873222351,0.7217460870742798,0.0545001875961745,0.05643351845267544,0.11167496598605615,0.05084629435981709,0.27345496639472316
43-43-47-45,43,43,47,45,0.5395240187644958,0.746117115020752,0.5916110873222351,0.7217460870742798,0.0545001875961745,0.05643351986105618,0.11167496598605615,0.05084629435981709,0.2734549678031039
43-45-48-45,43,45,48,45,0.5395240187644958,0.746122419834137,0.5917304754257202,0.7217460870742798,0.0545001875961745,0.05643206615154384,0.11167644356041376,0.05084629435981709,0.2734549916679492
45-47-48-45,45,47,48,45,0.5376781225204468,0.7470830082893372,0.5917304754257202,0.7217460870742798,0.054778589890928577,0.05615386120428056,0.11167644356041376,0.05084629435981709,0.27345518901543997
43-46-48-45,43,46,48,45,0.5395240187644958,0.7461231350898743,0.5917304754257202,0.7217460870742798,0.0545001875961745,0.05643232816677107,0.11167644356041376,0.05084629435981709,0.2734552536831764
45-48-49-45,45,48,49,45,0.5376781225204468,0.747119128704071,0.5918325185775757,0.7217460870742798,0.054778589890928577,0.056167790685154546,0.11166307782829818,0.05084629435981709,0.2734557527641984
43-44-48-45,43,44,48,45,0.5395240187644958,0.746117115020752,0.5917304754257202,0.7217460870742798,0.0545001875961745,0.05643351845267544,0.11167644356041376,0.05084629435981709,0.2734564439690808
43-43-48-45,43,43,48,45,0.5395240187644958,0.746117115020752,0.5917304754257202,0.7217460870742798,0.0545001875961745,0.05643351986105618,0.11167644356041376,0.05084629435981709,0.2734564453774615
44-48-43-43,44,48,43,43,0.538781464099884,0.747119128704071,0.5911560654640198,0.7212280035018921,0.05460980322267459,0.056167790685154546,0.11174325465546278,0.05093583610717092,0.27345668467046286
43-49-43-44,43,49,43,44,0.5395240187644958,0.7463195323944092,0.5911560654640198,0.721671462059021,0.0545001875961745,0.05635883763550915,0.11174325465546278,0.050854788749363035,0.2734570686365095
43-49-49-43,43,49,49,43,0.5395240187644958,0.7463195323944092,0.5918325185775757,0.7212280035018921,0.0545001875961745,0.05635883763550915,0.11166307782829818,0.05093583610717092,0.2734579391671528
43-45-47-44,43,45,47,44,0.5395240187644958,0.746122419834137,0.5916110873222351,0.721671462059021,0.0545001875961745,0.05643206615154384,0.11167496598605615,0.050854788749363035,0.2734620084831375
45-47-47-44,45,47,47,44,0.5376781225204468,0.7470830082893372,0.5916110873222351,0.721671462059021,0.054778589890928577,0.05615386120428056,0.11167496598605615,0.050854788749363035,0.2734622058306283
43-46-47-44,43,46,47,44,0.5395240187644958,0.7461231350898743,0.5916110873222351,0.721671462059021,0.0545001875961745,0.05643232816677107,0.11167496598605615,0.050854788749363035,0.27346227049836475
43-44-47-44,43,44,47,44,0.5395240187644958,0.746117115020752,0.5916110873222351,0.721671462059021,0.0545001875961745,0.05643351845267544,0.11167496598605615,0.050854788749363035,0.27346346078426914
43-43-47-44,43,43,47,44,0.5395240187644958,0.746117115020752,0.5916110873222351,0.721671462059021,0.0545001875961745,0.05643351986105618,0.11167496598605615,0.050854788749363035,0.2734634621926499
43-45-48-44,43,45,48,44,0.5395240187644958,0.746122419834137,0.5917304754257202,0.721671462059021,0.0545001875961745,0.05643206615154384,0.11167644356041376,0.050854788749363035,0.27346348605749515
45-47-48-44,45,47,48,44,0.5376781225204468,0.7470830082893372,0.5917304754257202,0.721671462059021,0.054778589890928577,0.05615386120428056,0.11167644356041376,0.050854788749363035,0.27346368340498595
43-46-48-44,43,46,48,44,0.5395240187644958,0.7461231350898743,0.5917304754257202,0.721671462059021,0.0545001875961745,0.05643232816677107,0.11167644356041376,0.050854788749363035,0.27346374807272233
45-48-49-44,45,48,49,44,0.5376781225204468,0.747119128704071,0.5918325185775757,0.721671462059021,0.054778589890928577,0.056167790685154546,0.11166307782829818,0.050854788749363035,0.27346424715374434
47-48-45-43,47,48,45,43,0.5391425490379333,0.747119128704071,0.5912417769432068,0.7212280035018921,0.054551907544883246,0.056167790685154546,0.1118089871202269,0.05093583610717092,0.2734645214574356
43-44-48-44,43,44,48,44,0.5395240187644958,0.746117115020752,0.5917304754257202,0.721671462059021,0.0545001875961745,0.05643351845267544,0.11167644356041376,0.050854788749363035,0.27346493835862673
43-43-48-44,43,43,48,44,0.5395240187644958,0.746117115020752,0.5917304754257202,0.721671462059021,0.0545001875961745,0.05643351986105618,0.11167644356041376,0.050854788749363035,0.2734649397670075
43-47-46-43,43,47,46,43,0.5395240187644958,0.7470830082893372,0.5906524062156677,0.7212280035018921,0.0545001875961745,0.05615386120428056,0.11187557556415675,0.05093583610717092,0.2734654604717827
45-48-47-45,45,48,47,45,0.5376781225204468,0.747119128704071,0.5916110873222351,0.7217460870742798,0.054778589890928577,0.056167790685154546,0.11167496598605615,0.05084629435981709,0.27346764092195636
45-48-48-45,45,48,48,45,0.5376781225204468,0.747119128704071,0.5917304754257202,0.7217460870742798,0.054778589890928577,0.056167790685154546,0.11167644356041376,0.05084629435981709,0.27346911849631395
43-49-47-43,43,49,47,43,0.5395240187644958,0.7463195323944092,0.5916110873222351,0.7212280035018921,0.0545001875961745,0.05635883763550915,0.11167496598605615,0.05093583610717092,0.2734698273249107
43-49-48-43,43,49,48,43,0.5395240187644958,0.7463195323944092,0.5917304754257202,0.7212280035018921,0.0545001875961745,0.05635883763550915,0.11167644356041376,0.05093583610717092,0.2734713048992683
45-48-47-44,45,48,47,44,0.5376781225204468,0.747119128704071,0.5916110873222351,0.721671462059021,0.054778589890928577,0.056167790685154546,0.11167496598605615,0.050854788749363035,0.27347613531150233
45-48-48-44,45,48,48,44,0.5376781225204468,0.747119128704071,0.5917304754257202,0.721671462059021,0.054778589890928577,0.056167790685154546,0.11167644356041376,0.050854788749363035,0.2734776128858599
44-49-49-45,44,49,49,45,0.538781464099884,0.7463195323944092,0.5918325185775757,0.7217460870742798,0.05460980322267459,0.05635883763550915,0.11166307782829818,0.05084629435981709,0.27347801304629904
43-48-46-43,43,48,46,43,0.5395240187644958,0.747119128704071,0.5906524062156677,0.7212280035018921,0.0545001875961745,0.056167790685154546,0.11187557556415675,0.05093583610717092,0.27347938995265675
44-47-46-45,44,47,46,45,0.538781464099884,0.7470830082893372,0.5906524062156677,0.7217460870742798,0.05460980322267459,0.05615386120428056,0.11187557556415675,0.05084629435981709,0.273485534350929
44-49-49-44,44,49,49,44,0.538781464099884,0.7463195323944092,0.5918325185775757,0.721671462059021,0.05460980322267459,0.05635883763550915,0.11166307782829818,0.050854788749363035,0.27348650743584496
44-49-47-45,44,49,47,45,0.538781464099884,0.7463195323944092,0.5916110873222351,0.7217460870742798,0.05460980322267459,0.05635883763550915,0.11167496598605615,0.05084629435981709,0.273489901204057
44-49-48-45,44,49,48,45,0.538781464099884,0.7463195323944092,0.5917304754257202,0.7217460870742798,0.05460980322267459,0.05635883763550915,0.11167644356041376,0.05084629435981709,0.27349137877841456
47-49-44-45,47,49,44,45,0.5391425490379333,0.7463195323944092,0.591278076171875,0.7217460870742798,0.054551907544883246,0.05635883763550915,0.11173585711654588,0.05084629435981709,0.27349289665675536
47-45-49-45,47,45,49,45,0.5391425490379333,0.746122419834137,0.5918325185775757,0.7217460870742798,0.054551907544883246,0.05643206615154384,0.11166307782829818,0.05084629435981709,0.2734933458845424
47-46-49-45,47,46,49,45,0.5391425490379333,0.7461231350898743,0.5918325185775757,0.7217460870742798,0.054551907544883246,0.05643232816677107,0.11166307782829818,0.05084629435981709,0.2734936078997696
44-47-46-44,44,47,46,44,0.538781464099884,0.7470830082893372,0.5906524062156677,0.721671462059021,0.05460980322267459,0.05615386120428056,0.11187557556415675,0.050854788749363035,0.27349402874047496
47-44-49-45,47,44,49,45,0.5391425490379333,0.746117115020752,0.5918325185775757,0.7217460870742798,0.054551907544883246,0.05643351845267544,0.11166307782829818,0.05084629435981709,0.27349479818567396
47-43-49-45,47,43,49,45,0.5391425490379333,0.746117115020752,0.5918325185775757,0.7217460870742798,0.054551907544883246,0.05643351986105618,0.11166307782829818,0.05084629435981709,0.2734947995940547
44-49-47-44,44,49,47,44,0.538781464099884,0.7463195323944092,0.5916110873222351,0.721671462059021,0.05460980322267459,0.05635883763550915,0.11167496598605615,0.050854788749363035,0.27349839559360295
44-48-46-45,44,48,46,45,0.538781464099884,0.747119128704071,0.5906524062156677,0.7217460870742798,0.05460980322267459,0.056167790685154546,0.11187557556415675,0.05084629435981709,0.273499463831803
44-49-48-44,44,49,48,44,0.538781464099884,0.7463195323944092,0.5917304754257202,0.721671462059021,0.05460980322267459,0.05635883763550915,0.11167644356041376,0.050854788749363035,0.27349987316796054
47-49-43-45,47,49,43,45,0.5391425490379333,0.7463195323944092,0.5911560654640198,0.7217460870742798,0.054551907544883246,0.05635883763550915,0.11174325465546278,0.05084629435981709,0.2735002941956723
47-49-44-44,47,49,44,44,0.5391425490379333,0.7463195323944092,0.591278076171875,0.721671462059021,0.054551907544883246,0.05635883763550915,0.11173585711654588,0.050854788749363035,0.27350139104630133
47-45-49-44,47,45,49,44,0.5391425490379333,0.746122419834137,0.5918325185775757,0.721671462059021,0.054551907544883246,0.05643206615154384,0.11166307782829818,0.050854788749363035,0.2735018402740883
47-46-49-44,47,46,49,44,0.5391425490379333,0.7461231350898743,0.5918325185775757,0.721671462059021,0.054551907544883246,0.05643232816677107,0.11166307782829818,0.050854788749363035,0.27350210228931554
47-44-49-44,47,44,49,44,0.5391425490379333,0.746117115020752,0.5918325185775757,0.721671462059021,0.054551907544883246,0.05643351845267544,0.11166307782829818,0.050854788749363035,0.2735032925752199
47-43-49-44,47,43,49,44,0.5391425490379333,0.746117115020752,0.5918325185775757,0.721671462059021,0.054551907544883246,0.05643351986105618,0.11166307782829818,0.050854788749363035,0.2735032939836006
47-45-47-45,47,45,47,45,0.5391425490379333,0.746122419834137,0.5916110873222351,0.7217460870742798,0.054551907544883246,0.05643206615154384,0.11167496598605615,0.05084629435981709,0.2735052340423003
47-46-47-45,47,46,47,45,0.5391425490379333,0.7461231350898743,0.5916110873222351,0.7217460870742798,0.054551907544883246,0.05643232816677107,0.11167496598605615,0.05084629435981709,0.27350549605752755
47-44-47-45,47,44,47,45,0.5391425490379333,0.746117115020752,0.5916110873222351,0.7217460870742798,0.054551907544883246,0.05643351845267544,0.11167496598605615,0.05084629435981709,0.27350668634343195
47-43-47-45,47,43,47,45,0.5391425490379333,0.746117115020752,0.5916110873222351,0.7217460870742798,0.054551907544883246,0.05643351986105618,0.11167496598605615,0.05084629435981709,0.2735066877518127
47-45-48-45,47,45,48,45,0.5391425490379333,0.746122419834137,0.5917304754257202,0.7217460870742798,0.054551907544883246,0.05643206615154384,0.11167644356041376,0.05084629435981709,0.27350671161665796
47-46-48-45,47,46,48,45,0.5391425490379333,0.7461231350898743,0.5917304754257202,0.7217460870742798,0.054551907544883246,0.05643232816677107,0.11167644356041376,0.05084629435981709,0.27350697363188514
44-48-46-44,44,48,46,44,0.538781464099884,0.747119128704071,0.5906524062156677,0.721671462059021,0.05460980322267459,0.056167790685154546,0.11187557556415675,0.050854788749363035,0.27350795822134893
47-44-48-45,47,44,48,45,0.5391425490379333,0.746117115020752,0.5917304754257202,0.7217460870742798,0.054551907544883246,0.05643351845267544,0.11167644356041376,0.05084629435981709,0.27350816391778954
47-43-48-45,47,43,48,45,0.5391425490379333,0.746117115020752,0.5917304754257202,0.7217460870742798,0.054551907544883246,0.05643351986105618,0.11167644356041376,0.05084629435981709,0.2735081653261703
44-47-45-43,44,47,45,43,0.538781464099884,0.7470830082893372,0.5912417769432068,0.7212280035018921,0.05460980322267459,0.05615386120428056,0.1118089871202269,0.05093583610717092,0.273508487654353
47-49-43-44,47,49,43,44,0.5391425490379333,0.7463195323944092,0.5911560654640198,0.721671462059021,0.054551907544883246,0.05635883763550915,0.11174325465546278,0.050854788749363035,0.2735087885852182
47-49-49-43,47,49,49,43,0.5391425490379333,0.7463195323944092,0.5918325185775757,0.7212280035018921,0.054551907544883246,0.05635883763550915,0.11166307782829818,0.05093583610717092,0.2735096591158615
47-45-47-44,47,45,47,44,0.5391425490379333,0.746122419834137,0.5916110873222351,0.721671462059021,0.054551907544883246,0.05643206615154384,0.11167496598605615,0.050854788749363035,0.2735137284318463
47-46-47-44,47,46,47,44,0.5391425490379333,0.7461231350898743,0.5916110873222351,0.721671462059021,0.054551907544883246,0.05643232816677107,0.11167496598605615,0.050854788749363035,0.27351399044707353
43-49-45-45,43,49,45,45,0.5395240187644958,0.7463195323944092,0.5912417769432068,0.7217460870742798,0.0545001875961745,0.05635883763550915,0.1118089871202269,0.05084629435981709,0.2735143067117276
43-45-44-45,43,45,44,45,0.5395240187644958,0.746122419834137,0.591278076171875,0.7217460870742798,0.0545001875961745,0.05643206615154384,0.11173585711654588,0.05084629435981709,0.2735144052240813
45-47-44-45,45,47,44,45,0.5376781225204468,0.7470830082893372,0.591278076171875,0.7217460870742798,0.054778589890928577,0.05615386120428056,0.11173585711654588,0.05084629435981709,0.2735146025715721
43-46-44-45,43,46,44,45,0.5395240187644958,0.7461231350898743,0.591278076171875,0.7217460870742798,0.0545001875961745,0.05643232816677107,0.11173585711654588,0.05084629435981709,0.27351466723930856
47-44-47-44,47,44,47,44,0.5391425490379333,0.746117115020752,0.5916110873222351,0.721671462059021,0.054551907544883246,0.05643351845267544,0.11167496598605615,0.050854788749363035,0.27351518073297787
47-43-47-44,47,43,47,44,0.5391425490379333,0.746117115020752,0.5916110873222351,0.721671462059021,0.054551907544883246,0.05643351986105618,0.11167496598605615,0.050854788749363035,0.2735151821413586
47-45-48-44,47,45,48,44,0.5391425490379333,0.746122419834137,0.5917304754257202,0.721671462059021,0.054551907544883246,0.05643206615154384,0.11167644356041376,0.050854788749363035,0.2735152060062039
47-46-48-44,47,46,48,44,0.5391425490379333,0.7461231350898743,0.5917304754257202,0.721671462059021,0.054551907544883246,0.05643232816677107,0.11167644356041376,0.050854788749363035,0.2735154680214311
43-44-44-45,43,44,44,45,0.5395240187644958,0.746117115020752,0.591278076171875,0.7217460870742798,0.0545001875961745,0.05643351845267544,0.11173585711654588,0.05084629435981709,0.2735158575252129
43-43-44-45,43,43,44,45,0.5395240187644958,0.746117115020752,0.591278076171875,0.7217460870742798,0.0545001875961745,0.05643351986105618,0.11173585711654588,0.05084629435981709,0.27351585893359365
47-44-48-44,47,44,48,44,0.5391425490379333,0.746117115020752,0.5917304754257202,0.721671462059021,0.054551907544883246,0.05643351845267544,0.11167644356041376,0.050854788749363035,0.27351665830733546
47-43-48-44,47,43,48,44,0.5391425490379333,0.746117115020752,0.5917304754257202,0.721671462059021,0.054551907544883246,0.05643351986105618,0.11167644356041376,0.050854788749363035,0.2735166597157162
47-47-46-43,47,47,46,43,0.5391425490379333,0.7470830082893372,0.5906524062156677,0.7212280035018921,0.054551907544883246,0.05615386120428056,0.11187557556415675,0.05093583610717092,0.2735171804204915
47-49-47-43,47,49,47,43,0.5391425490379333,0.7463195323944092,0.5916110873222351,0.7212280035018921,0.054551907544883246,0.05635883763550915,0.11167496598605615,0.05093583610717092,0.2735215472736195
43-45-43-45,43,45,43,45,0.5395240187644958,0.746122419834137,0.5911560654640198,0.7217460870742798,0.0545001875961745,0.05643206615154384,0.11174325465546278,0.05084629435981709,0.2735218027629982
45-47-43-45,45,47,43,45,0.5376781225204468,0.7470830082893372,0.5911560654640198,0.7217460870742798,0.054778589890928577,0.05615386120428056,0.11174325465546278,0.05084629435981709,0.273522000110489
43-46-43-45,43,46,43,45,0.5395240187644958,0.7461231350898743,0.5911560654640198,0.7217460870742798,0.0545001875961745,0.05643232816677107,0.11174325465546278,0.05084629435981709,0.27352206477822544
44-48-45-43,44,48,45,43,0.538781464099884,0.747119128704071,0.5912417769432068,0.7212280035018921,0.05460980322267459,0.056167790685154546,0.1118089871202269,0.05093583610717092,0.27352241713522696
43-49-45-44,43,49,45,44,0.5395240187644958,0.7463195323944092,0.5912417769432068,0.721671462059021,0.0545001875961745,0.05635883763550915,0.1118089871202269,0.050854788749363035,0.2735228011012736
43-45-44-44,43,45,44,44,0.5395240187644958,0.746122419834137,0.591278076171875,0.721671462059021,0.0545001875961745,0.05643206615154384,0.11173585711654588,0.050854788749363035,0.27352289961362725
47-49-48-43,47,49,48,43,0.5391425490379333,0.7463195323944092,0.5917304754257202,0.7212280035018921,0.054551907544883246,0.05635883763550915,0.11167644356041376,0.05093583610717092,0.2735230248479771
45-47-44-44,45,47,44,44,0.5376781225204468,0.7470830082893372,0.591278076171875,0.721671462059021,0.054778589890928577,0.05615386120428056,0.11173585711654588,0.050854788749363035,0.27352309696111804
43-46-44-44,43,46,44,44,0.5395240187644958,0.7461231350898743,0.591278076171875,0.721671462059021,0.0545001875961745,0.05643232816677107,0.11173585711654588,0.050854788749363035,0.2735231616288545
43-44-43-45,43,44,43,45,0.5395240187644958,0.746117115020752,0.5911560654640198,0.7217460870742798,0.0545001875961745,0.05643351845267544,0.11174325465546278,0.05084629435981709,0.27352325506412983
43-43-43-45,43,43,43,45,0.5395240187644958,0.746117115020752,0.5911560654640198,0.7217460870742798,0.0545001875961745,0.05643351986105618,0.11174325465546278,0.05084629435981709,0.2735232564725105
43-44-44-44,43,44,44,44,0.5395240187644958,0.746117115020752,0.591278076171875,0.721671462059021,0.0545001875961745,0.05643351845267544,0.11173585711654588,0.050854788749363035,0.2735243519147589
43-43-44-44,43,43,44,44,0.5395240187644958,0.746117115020752,0.591278076171875,0.721671462059021,0.0545001875961745,0.05643351986105618,0.11173585711654588,0.050854788749363035,0.27352435332313957
45-48-44-45,45,48,44,45,0.5376781225204468,0.747119128704071,0.591278076171875,0.7217460870742798,0.054778589890928577,0.056167790685154546,0.11173585711654588,0.05084629435981709,0.2735285320524461
43-45-43-44,43,45,43,44,0.5395240187644958,0.746122419834137,0.5911560654640198,0.721671462059021,0.0545001875961745,0.05643206615154384,0.11174325465546278,0.050854788749363035,0.2735302971525442
45-47-43-44,45,47,43,44,0.5376781225204468,0.7470830082893372,0.5911560654640198,0.721671462059021,0.054778589890928577,0.05615386120428056,0.11174325465546278,0.050854788749363035,0.27353049450003497
43-46-43-44,43,46,43,44,0.5395240187644958,0.7461231350898743,0.5911560654640198,0.721671462059021,0.0545001875961745,0.05643232816677107,0.11174325465546278,0.050854788749363035,0.27353055916777136
43-49-44-43,43,49,44,43,0.5395240187644958,0.7463195323944092,0.591278076171875,0.7212280035018921,0.0545001875961745,0.05635883763550915,0.11173585711654588,0.05093583610717092,0.27353071845540045
47-48-46-43,47,48,46,43,0.5391425490379333,0.747119128704071,0.5906524062156677,0.7212280035018921,0.054551907544883246,0.056167790685154546,0.11187557556415675,0.05093583610717092,0.2735311099013655
43-45-49-43,43,45,49,43,0.5395240187644958,0.746122419834137,0.5918325185775757,0.7212280035018921,0.0545001875961745,0.05643206615154384,0.11166307782829818,0.05093583610717092,0.2735311676831874
45-47-49-43,45,47,49,43,0.5376781225204468,0.7470830082893372,0.5918325185775757,0.7212280035018921,0.054778589890928577,0.05615386120428056,0.11166307782829818,0.05093583610717092,0.2735313650306782
43-46-49-43,43,46,49,43,0.5395240187644958,0.7461231350898743,0.5918325185775757,0.7212280035018921,0.0545001875961745,0.05643232816677107,0.11166307782829818,0.05093583610717092,0.27353142969841465
43-44-43-44,43,44,43,44,0.5395240187644958,0.746117115020752,0.5911560654640198,0.721671462059021,0.0545001875961745,0.05643351845267544,0.11174325465546278,0.050854788749363035,0.27353174945367575
43-43-43-44,43,43,43,44,0.5395240187644958,0.746117115020752,0.5911560654640198,0.721671462059021,0.0545001875961745,0.05643351986105618,0.11174325465546278,0.050854788749363035,0.2735317508620565
43-44-49-43,43,44,49,43,0.5395240187644958,0.746117115020752,0.5918325185775757,0.7212280035018921,0.0545001875961745,0.05643351845267544,0.11166307782829818,0.05093583610717092,0.27353261998431905
43-43-49-43,43,43,49,43,0.5395240187644958,0.746117115020752,0.5918325185775757,0.7212280035018921,0.0545001875961745,0.05643351986105618,0.11166307782829818,0.05093583610717092,0.2735326213926998
45-48-43-45,45,48,43,45,0.5376781225204468,0.747119128704071,0.5911560654640198,0.7217460870742798,0.054778589890928577,0.056167790685154546,0.11174325465546278,0.05084629435981709,0.27353592959136297
45-48-44-44,45,48,44,44,0.5376781225204468,0.747119128704071,0.591278076171875,0.721671462059021,0.054778589890928577,0.056167790685154546,0.11173585711654588,0.050854788749363035,0.273537026441992
43-49-43-43,43,49,43,43,0.5395240187644958,0.7463195323944092,0.5911560654640198,0.7212280035018921,0.0545001875961745,0.05635883763550915,0.11174325465546278,0.05093583610717092,0.2735381159943173
43-45-47-43,43,45,47,43,0.5395240187644958,0.746122419834137,0.5916110873222351,0.7212280035018921,0.0545001875961745,0.05643206615154384,0.11167496598605615,0.05093583610717092,0.2735430558409454
45-47-47-43,45,47,47,43,0.5376781225204468,0.7470830082893372,0.5916110873222351,0.7212280035018921,0.054778589890928577,0.05615386120428056,0.11167496598605615,0.05093583610717092,0.2735432531884362
43-46-47-43,43,46,47,43,0.5395240187644958,0.7461231350898743,0.5916110873222351,0.7212280035018921,0.0545001875961745,0.05643232816677107,0.11167496598605615,0.05093583610717092,0.27354331785617264
45-48-43-44,45,48,43,44,0.5376781225204468,0.747119128704071,0.5911560654640198,0.721671462059021,0.054778589890928577,0.056167790685154546,0.11174325465546278,0.050854788749363035,0.27354442398090895
43-44-47-43,43,44,47,43,0.5395240187644958,0.746117115020752,0.5916110873222351,0.7212280035018921,0.0545001875961745,0.05643351845267544,0.11167496598605615,0.05093583610717092,0.27354450814207704
43-43-47-43,43,43,47,43,0.5395240187644958,0.746117115020752,0.5916110873222351,0.7212280035018921,0.0545001875961745,0.05643351986105618,0.11167496598605615,0.05093583610717092,0.2735445095504577
43-45-48-43,43,45,48,43,0.5395240187644958,0.746122419834137,0.5917304754257202,0.7212280035018921,0.0545001875961745,0.05643206615154384,0.11167644356041376,0.05093583610717092,0.27354453341530305
45-47-48-43,45,47,48,43,0.5376781225204468,0.7470830082893372,0.5917304754257202,0.7212280035018921,0.054778589890928577,0.05615386120428056,0.11167644356041376,0.05093583610717092,0.27354473076279384
43-46-48-43,43,46,48,43,0.5395240187644958,0.7461231350898743,0.5917304754257202,0.7212280035018921,0.0545001875961745,0.05643232816677107,0.11167644356041376,0.05093583610717092,0.27354479543053023
45-48-49-43,45,48,49,43,0.5376781225204468,0.747119128704071,0.5918325185775757,0.7212280035018921,0.054778589890928577,0.056167790685154546,0.11166307782829818,0.05093583610717092,0.27354529451155224
43-44-48-43,43,44,48,43,0.5395240187644958,0.746117115020752,0.5917304754257202,0.7212280035018921,0.0545001875961745,0.05643351845267544,0.11167644356041376,0.05093583610717092,0.2735459857164346
43-43-48-43,43,43,48,43,0.5395240187644958,0.746117115020752,0.5917304754257202,0.7212280035018921,0.0545001875961745,0.05643351986105618,0.11167644356041376,0.05093583610717092,0.27354598712481537
44-49-44-45,44,49,44,45,0.538781464099884,0.7463195323944092,0.591278076171875,0.7217460870742798,0.05460980322267459,0.05635883763550915,0.11173585711654588,0.05084629435981709,0.2735507923345467
44-45-49-45,44,45,49,45,0.538781464099884,0.746122419834137,0.5918325185775757,0.7217460870742798,0.05460980322267459,0.05643206615154384,0.11166307782829818,0.05084629435981709,0.2735512415623337
44-46-49-45,44,46,49,45,0.538781464099884,0.7461231350898743,0.5918325185775757,0.7217460870742798,0.05460980322267459,0.05643232816677107,0.11166307782829818,0.05084629435981709,0.2735515035775609
44-44-49-45,44,44,49,45,0.538781464099884,0.746117115020752,0.5918325185775757,0.7217460870742798,0.05460980322267459,0.05643351845267544,0.11166307782829818,0.05084629435981709,0.2735526938634653
44-43-49-45,44,43,49,45,0.538781464099884,0.746117115020752,0.5918325185775757,0.7217460870742798,0.05460980322267459,0.05643351986105618,0.11166307782829818,0.05084629435981709,0.27355269527184606
45-48-47-43,45,48,47,43,0.5376781225204468,0.747119128704071,0.5916110873222351,0.7212280035018921,0.054778589890928577,0.056167790685154546,0.11167496598605615,0.05093583610717092,0.2735571826693102
44-49-43-45,44,49,43,45,0.538781464099884,0.7463195323944092,0.5911560654640198,0.7217460870742798,0.05460980322267459,0.05635883763550915,0.11174325465546278,0.05084629435981709,0.2735581898734636
45-48-48-43,45,48,48,43,0.5376781225204468,0.747119128704071,0.5917304754257202,0.7212280035018921,0.054778589890928577,0.056167790685154546,0.11167644356041376,0.05093583610717092,0.2735586602436678
44-49-44-44,44,49,44,44,0.538781464099884,0.7463195323944092,0.591278076171875,0.721671462059021,0.05460980322267459,0.05635883763550915,0.11173585711654588,0.050854788749363035,0.27355928672409263
44-45-49-44,44,45,49,44,0.538781464099884,0.746122419834137,0.5918325185775757,0.721671462059021,0.05460980322267459,0.05643206615154384,0.11166307782829818,0.050854788749363035,0.27355973595187966
44-46-49-44,44,46,49,44,0.538781464099884,0.7461231350898743,0.5918325185775757,0.721671462059021,0.05460980322267459,0.05643232816677107,0.11166307782829818,0.050854788749363035,0.2735599979671069
44-44-49-44,44,44,49,44,0.538781464099884,0.746117115020752,0.5918325185775757,0.721671462059021,0.05460980322267459,0.05643351845267544,0.11166307782829818,0.050854788749363035,0.27356118825301123
44-43-49-44,44,43,49,44,0.538781464099884,0.746117115020752,0.5918325185775757,0.721671462059021,0.05460980322267459,0.05643351986105618,0.11166307782829818,0.050854788749363035,0.273561189661392
44-45-47-45,44,45,47,45,0.538781464099884,0.746122419834137,0.5916110873222351,0.7217460870742798,0.05460980322267459,0.05643206615154384,0.11167496598605615,0.05084629435981709,0.27356312972009167
44-46-47-45,44,46,47,45,0.538781464099884,0.7461231350898743,0.5916110873222351,0.7217460870742798,0.05460980322267459,0.05643232816677107,0.11167496598605615,0.05084629435981709,0.2735633917353189
44-44-47-45,44,44,47,45,0.538781464099884,0.746117115020752,0.5916110873222351,0.7217460870742798,0.05460980322267459,0.05643351845267544,0.11167496598605615,0.05084629435981709,0.2735645820212233
44-43-47-45,44,43,47,45,0.538781464099884,0.746117115020752,0.5916110873222351,0.7217460870742798,0.05460980322267459,0.05643351986105618,0.11167496598605615,0.05084629435981709,0.273564583429604
44-45-48-45,44,45,48,45,0.538781464099884,0.746122419834137,0.5917304754257202,0.7217460870742798,0.05460980322267459,0.05643206615154384,0.11167644356041376,0.05084629435981709,0.2735646072944493
44-46-48-45,44,46,48,45,0.538781464099884,0.7461231350898743,0.5917304754257202,0.7217460870742798,0.05460980322267459,0.05643232816677107,0.11167644356041376,0.05084629435981709,0.2735648693096765
47-49-45-45,47,49,45,45,0.5391425490379333,0.7463195323944092,0.5912417769432068,0.7217460870742798,0.054551907544883246,0.05635883763550915,0.1118089871202269,0.05084629435981709,0.2735660266604364
44-44-48-45,44,44,48,45,0.538781464099884,0.746117115020752,0.5917304754257202,0.7217460870742798,0.05460980322267459,0.05643351845267544,0.11167644356041376,0.05084629435981709,0.2735660595955809
44-43-48-45,44,43,48,45,0.538781464099884,0.746117115020752,0.5917304754257202,0.7217460870742798,0.05460980322267459,0.05643351986105618,0.11167644356041376,0.05084629435981709,0.27356606100396164
47-45-44-45,47,45,44,45,0.5391425490379333,0.746122419834137,0.591278076171875,0.7217460870742798,0.054551907544883246,0.05643206615154384,0.11173585711654588,0.05084629435981709,0.27356612517279005
47-46-44-45,47,46,44,45,0.5391425490379333,0.7461231350898743,0.591278076171875,0.7217460870742798,0.054551907544883246,0.05643232816677107,0.11173585711654588,0.05084629435981709,0.2735663871880173
44-49-43-44,44,49,43,44,0.538781464099884,0.7463195323944092,0.5911560654640198,0.721671462059021,0.05460980322267459,0.05635883763550915,0.11174325465546278,0.050854788749363035,0.27356668426300956
44-49-49-43,44,49,49,43,0.538781464099884,0.7463195323944092,0.5918325185775757,0.7212280035018921,0.05460980322267459,0.05635883763550915,0.11166307782829818,0.05093583610717092,0.27356755479365286
47-44-44-45,47,44,44,45,0.5391425490379333,0.746117115020752,0.591278076171875,0.7217460870742798,0.054551907544883246,0.05643351845267544,0.11173585711654588,0.05084629435981709,0.2735675774739217
47-43-44-45,47,43,44,45,0.5391425490379333,0.746117115020752,0.591278076171875,0.7217460870742798,0.054551907544883246,0.05643351986105618,0.11173585711654588,0.05084629435981709,0.2735675788823024
44-45-47-44,44,45,47,44,0.538781464099884,0.746122419834137,0.5916110873222351,0.721671462059021,0.05460980322267459,0.05643206615154384,0.11167496598605615,0.050854788749363035,0.27357162410963765
44-46-47-44,44,46,47,44,0.538781464099884,0.7461231350898743,0.5916110873222351,0.721671462059021,0.05460980322267459,0.05643232816677107,0.11167496598605615,0.050854788749363035,0.2735718861248648
44-44-47-44,44,44,47,44,0.538781464099884,0.746117115020752,0.5916110873222351,0.721671462059021,0.05460980322267459,0.05643351845267544,0.11167496598605615,0.050854788749363035,0.2735730764107692
44-43-47-44,44,43,47,44,0.538781464099884,0.746117115020752,0.5916110873222351,0.721671462059021,0.05460980322267459,0.05643351986105618,0.11167496598605615,0.050854788749363035,0.27357307781914997
44-45-48-44,44,45,48,44,0.538781464099884,0.746122419834137,0.5917304754257202,0.721671462059021,0.05460980322267459,0.05643206615154384,0.11167644356041376,0.050854788749363035,0.27357310168399523
44-46-48-44,44,46,48,44,0.538781464099884,0.7461231350898743,0.5917304754257202,0.721671462059021,0.05460980322267459,0.05643232816677107,0.11167644356041376,0.050854788749363035,0.27357336369922247
47-45-43-45,47,45,43,45,0.5391425490379333,0.746122419834137,0.5911560654640198,0.7217460870742798,0.054551907544883246,0.05643206615154384,0.11174325465546278,0.05084629435981709,0.273573522711707
47-46-43-45,47,46,43,45,0.5391425490379333,0.7461231350898743,0.5911560654640198,0.7217460870742798,0.054551907544883246,0.05643232816677107,0.11174325465546278,0.05084629435981709,0.27357378472693417
47-49-45-44,47,49,45,44,0.5391425490379333,0.7463195323944092,0.5912417769432068,0.721671462059021,0.054551907544883246,0.05635883763550915,0.1118089871202269,0.050854788749363035,0.2735745210499823
44-44-48-44,44,44,48,44,0.538781464099884,0.746117115020752,0.5917304754257202,0.721671462059021,0.05460980322267459,0.05643351845267544,0.11167644356041376,0.050854788749363035,0.2735745539851268
44-43-48-44,44,43,48,44,0.538781464099884,0.746117115020752,0.5917304754257202,0.721671462059021,0.05460980322267459,0.05643351986105618,0.11167644356041376,0.050854788749363035,0.27357455539350756
47-45-44-44,47,45,44,44,0.5391425490379333,0.746122419834137,0.591278076171875,0.721671462059021,0.054551907544883246,0.05643206615154384,0.11173585711654588,0.050854788749363035,0.273574619562336
47-46-44-44,47,46,44,44,0.5391425490379333,0.7461231350898743,0.591278076171875,0.721671462059021,0.054551907544883246,0.05643232816677107,0.11173585711654588,0.050854788749363035,0.2735748815775632
47-44-43-45,47,44,43,45,0.5391425490379333,0.746117115020752,0.5911560654640198,0.7217460870742798,0.054551907544883246,0.05643351845267544,0.11174325465546278,0.05084629435981709,0.27357497501283856
47-43-43-45,47,43,43,45,0.5391425490379333,0.746117115020752,0.5911560654640198,0.7217460870742798,0.054551907544883246,0.05643351986105618,0.11174325465546278,0.05084629435981709,0.2735749764212193
44-47-46-43,44,47,46,43,0.538781464099884,0.7470830082893372,0.5906524062156677,0.7212280035018921,0.05460980322267459,0.05615386120428056,0.11187557556415675,0.05093583610717092,0.2735750760982828
47-44-44-44,47,44,44,44,0.5391425490379333,0.746117115020752,0.591278076171875,0.721671462059021,0.054551907544883246,0.05643351845267544,0.11173585711654588,0.050854788749363035,0.2735760718634676
47-43-44-44,47,43,44,44,0.5391425490379333,0.746117115020752,0.591278076171875,0.721671462059021,0.054551907544883246,0.05643351986105618,0.11173585711654588,0.050854788749363035,0.27357607327184835
44-49-47-43,44,49,47,43,0.538781464099884,0.7463195323944092,0.5916110873222351,0.7212280035018921,0.05460980322267459,0.05635883763550915,0.11167496598605615,0.05093583610717092,0.2735794429514108
43-49-46-45,43,49,46,45,0.5395240187644958,0.7463195323944092,0.5906524062156677,0.7217460870742798,0.0545001875961745,0.05635883763550915,0.11187557556415675,0.05084629435981709,0.2735808951556575
44-49-48-43,44,49,48,43,0.538781464099884,0.7463195323944092,0.5917304754257202,0.7212280035018921,0.05460980322267459,0.05635883763550915,0.11167644356041376,0.05093583610717092,0.27358092052576843
47-45-43-44,47,45,43,44,0.5391425490379333,0.746122419834137,0.5911560654640198,0.721671462059021,0.054551907544883246,0.05643206615154384,0.11174325465546278,0.050854788749363035,0.2735820171012529
47-46-43-44,47,46,43,44,0.5391425490379333,0.7461231350898743,0.5911560654640198,0.721671462059021,0.054551907544883246,0.05643232816677107,0.11174325465546278,0.050854788749363035,0.27358227911648014
47-49-44-43,47,49,44,43,0.5391425490379333,0.7463195323944092,0.591278076171875,0.7212280035018921,0.054551907544883246,0.05635883763550915,0.11173585711654588,0.05093583610717092,0.2735824384041092
47-45-49-43,47,45,49,43,0.5391425490379333,0.746122419834137,0.5918325185775757,0.7212280035018921,0.054551907544883246,0.05643206615154384,0.11166307782829818,0.05093583610717092,0.2735828876318962
47-46-49-43,47,46,49,43,0.5391425490379333,0.7461231350898743,0.5918325185775757,0.7212280035018921,0.054551907544883246,0.05643232816677107,0.11166307782829818,0.05093583610717092,0.27358314964712344
47-44-43-44,47,44,43,44,0.5391425490379333,0.746117115020752,0.5911560654640198,0.721671462059021,0.054551907544883246,0.05643351845267544,0.11174325465546278,0.050854788749363035,0.2735834694023845
47-43-43-44,47,43,43,44,0.5391425490379333,0.746117115020752,0.5911560654640198,0.721671462059021,0.054551907544883246,0.05643351986105618,0.11174325465546278,0.050854788749363035,0.27358347081076523
47-44-49-43,47,44,49,43,0.5391425490379333,0.746117115020752,0.5918325185775757,0.7212280035018921,0.054551907544883246,0.05643351845267544,0.11166307782829818,0.05093583610717092,0.2735843399330278
47-43-49-43,47,43,49,43,0.5391425490379333,0.746117115020752,0.5918325185775757,0.7212280035018921,0.054551907544883246,0.05643351986105618,0.11166307782829818,0.05093583610717092,0.2735843413414085
43-45-45-45,43,45,45,45,0.5395240187644958,0.746122419834137,0.5912417769432068,0.7217460870742798,0.0545001875961745,0.05643206615154384,0.1118089871202269,0.05084629435981709,0.27358753522776236
45-47-45-45,45,47,45,45,0.5376781225204468,0.7470830082893372,0.5912417769432068,0.7217460870742798,0.054778589890928577,0.05615386120428056,0.1118089871202269,0.05084629435981709,0.27358773257525315
43-46-45-45,43,46,45,45,0.5395240187644958,0.7461231350898743,0.5912417769432068,0.7217460870742798,0.0545001875961745,0.05643232816677107,0.1118089871202269,0.05084629435981709,0.27358779724298954
43-44-45-45,43,44,45,45,0.5395240187644958,0.746117115020752,0.5912417769432068,0.7217460870742798,0.0545001875961745,0.05643351845267544,0.1118089871202269,0.05084629435981709,0.27358898752889393
43-43-45-45,43,43,45,45,0.5395240187644958,0.746117115020752,0.5912417769432068,0.7217460870742798,0.0545001875961745,0.05643351986105618,0.1118089871202269,0.05084629435981709,0.2735889889372747
44-48-46-43,44,48,46,43,0.538781464099884,0.747119128704071,0.5906524062156677,0.7212280035018921,0.05460980322267459,0.056167790685154546,0.11187557556415675,0.05093583610717092,0.27358900557915683
43-49-46-44,43,49,46,44,0.5395240187644958,0.7463195323944092,0.5906524062156677,0.721671462059021,0.0545001875961745,0.05635883763550915,0.11187557556415675,0.050854788749363035,0.27358938954520345
47-49-43-43,47,49,43,43,0.5391425490379333,0.7463195323944092,0.5911560654640198,0.7212280035018921,0.054551907544883246,0.05635883763550915,0.11174325465546278,0.05093583610717092,0.2735898359430261
47-45-47-43,47,45,47,43,0.5391425490379333,0.746122419834137,0.5916110873222351,0.7212280035018921,0.054551907544883246,0.05643206615154384,0.11167496598605615,0.05093583610717092,0.2735947757896542
47-46-47-43,47,46,47,43,0.5391425490379333,0.7461231350898743,0.5916110873222351,0.7212280035018921,0.054551907544883246,0.05643232816677107,0.11167496598605615,0.05093583610717092,0.27359503780488137
43-45-45-44,43,45,45,44,0.5395240187644958,0.746122419834137,0.5912417769432068,0.721671462059021,0.0545001875961745,0.05643206615154384,0.1118089871202269,0.050854788749363035,0.2735960296173083
45-47-45-44,45,47,45,44,0.5376781225204468,0.7470830082893372,0.5912417769432068,0.721671462059021,0.054778589890928577,0.05615386120428056,0.1118089871202269,0.050854788749363035,0.27359622696479907
47-44-47-43,47,44,47,43,0.5391425490379333,0.746117115020752,0.5916110873222351,0.7212280035018921,0.054551907544883246,0.05643351845267544,0.11167496598605615,0.05093583610717092,0.27359622809078576
47-43-47-43,47,43,47,43,0.5391425490379333,0.746117115020752,0.5916110873222351,0.7212280035018921,0.054551907544883246,0.05643351986105618,0.11167496598605615,0.05093583610717092,0.2735962294991665
47-45-48-43,47,45,48,43,0.5391425490379333,0.746122419834137,0.5917304754257202,0.7212280035018921,0.054551907544883246,0.05643206615154384,0.11167644356041376,0.05093583610717092,0.2735962533640118
43-46-45-44,43,46,45,44,0.5395240187644958,0.7461231350898743,0.5912417769432068,0.721671462059021,0.0545001875961745,0.05643232816677107,0.1118089871202269,0.050854788749363035,0.2735962916325355
47-46-48-43,47,46,48,43,0.5391425490379333,0.7461231350898743,0.5917304754257202,0.7212280035018921,0.054551907544883246,0.05643232816677107,0.11167644356041376,0.05093583610717092,0.273596515379239
43-44-45-44,43,44,45,44,0.5395240187644958,0.746117115020752,0.5912417769432068,0.721671462059021,0.0545001875961745,0.05643351845267544,0.1118089871202269,0.050854788749363035,0.27359748191843986
43-43-45-44,43,43,45,44,0.5395240187644958,0.746117115020752,0.5912417769432068,0.721671462059021,0.0545001875961745,0.05643351986105618,0.1118089871202269,0.050854788749363035,0.2735974833268206
47-44-48-43,47,44,48,43,0.5391425490379333,0.746117115020752,0.5917304754257202,0.7212280035018921,0.054551907544883246,0.05643351845267544,0.11167644356041376,0.05093583610717092,0.27359770566514335
47-43-48-43,47,43,48,43,0.5391425490379333,0.746117115020752,0.5917304754257202,0.7212280035018921,0.054551907544883246,0.05643351986105618,0.11167644356041376,0.05093583610717092,0.2735977070735241
45-48-45-45,45,48,45,45,0.5376781225204468,0.747119128704071,0.5912417769432068,0.7217460870742798,0.054778589890928577,0.056167790685154546,0.1118089871202269,0.05084629435981709,0.2736016620561271
43-49-45-43,43,49,45,43,0.5395240187644958,0.7463195323944092,0.5912417769432068,0.7212280035018921,0.0545001875961745,0.05635883763550915,0.1118089871202269,0.05093583610717092,0.2736038484590815
43-45-44-43,43,45,44,43,0.5395240187644958,0.746122419834137,0.591278076171875,0.7212280035018921,0.0545001875961745,0.05643206615154384,0.11173585711654588,0.05093583610717092,0.27360394697143514
45-47-44-43,45,47,44,43,0.5376781225204468,0.7470830082893372,0.591278076171875,0.7212280035018921,0.054778589890928577,0.05615386120428056,0.11173585711654588,0.05093583610717092,0.27360414431892593
43-46-44-43,43,46,44,43,0.5395240187644958,0.7461231350898743,0.591278076171875,0.7212280035018921,0.0545001875961745,0.05643232816677107,0.11173585711654588,0.05093583610717092,0.2736042089866624
43-44-44-43,43,44,44,43,0.5395240187644958,0.746117115020752,0.591278076171875,0.7212280035018921,0.0545001875961745,0.05643351845267544,0.11173585711654588,0.05093583610717092,0.2736053992725667
43-43-44-43,43,43,44,43,0.5395240187644958,0.746117115020752,0.591278076171875,0.7212280035018921,0.0545001875961745,0.05643351986105618,0.11173585711654588,0.05093583610717092,0.27360540068094746
45-48-45-44,45,48,45,44,0.5376781225204468,0.747119128704071,0.5912417769432068,0.721671462059021,0.054778589890928577,0.056167790685154546,0.1118089871202269,0.050854788749363035,0.27361015644567305
43-45-43-43,43,45,43,43,0.5395240187644958,0.746122419834137,0.5911560654640198,0.7212280035018921,0.0545001875961745,0.05643206615154384,0.11174325465546278,0.05093583610717092,0.2736113445103521
45-47-43-43,45,47,43,43,0.5376781225204468,0.7470830082893372,0.5911560654640198,0.7212280035018921,0.054778589890928577,0.05615386120428056,0.11174325465546278,0.05093583610717092,0.27361154185784287
43-46-43-43,43,46,43,43,0.5395240187644958,0.7461231350898743,0.5911560654640198,0.7212280035018921,0.0545001875961745,0.05643232816677107,0.11174325465546278,0.05093583610717092,0.27361160652557925
43-44-43-43,43,44,43,43,0.5395240187644958,0.746117115020752,0.5911560654640198,0.7212280035018921,0.0545001875961745,0.05643351845267544,0.11174325465546278,0.05093583610717092,0.27361279681148365
43-43-43-43,43,43,43,43,0.5395240187644958,0.746117115020752,0.5911560654640198,0.7212280035018921,0.0545001875961745,0.05643351986105618,0.11174325465546278,0.05093583610717092,0.2736127982198644
45-48-44-43,45,48,44,43,0.5376781225204468,0.747119128704071,0.591278076171875,0.7212280035018921,0.054778589890928577,0.056167790685154546,0.11173585711654588,0.05093583610717092,0.2736180737997999
44-49-45-45,44,49,45,45,0.538781464099884,0.7463195323944092,0.5912417769432068,0.7217460870742798,0.05460980322267459,0.05635883763550915,0.1118089871202269,0.05084629435981709,0.27362392233822774
44-45-44-45,44,45,44,45,0.538781464099884,0.746122419834137,0.591278076171875,0.7217460870742798,0.05460980322267459,0.05643206615154384,0.11173585711654588,0.05084629435981709,0.2736240208505814
44-46-44-45,44,46,44,45,0.538781464099884,0.7461231350898743,0.591278076171875,0.7217460870742798,0.05460980322267459,0.05643232816677107,0.11173585711654588,0.05084629435981709,0.27362428286580864
45-48-43-43,45,48,43,43,0.5376781225204468,0.747119128704071,0.5911560654640198,0.7212280035018921,0.054778589890928577,0.056167790685154546,0.11174325465546278,0.05093583610717092,0.27362547133871684
44-44-44-45,44,44,44,45,0.538781464099884,0.746117115020752,0.591278076171875,0.7217460870742798,0.05460980322267459,0.05643351845267544,0.11173585711654588,0.05084629435981709,0.273625473151713
44-43-44-45,44,43,44,45,0.538781464099884,0.746117115020752,0.591278076171875,0.7217460870742798,0.05460980322267459,0.05643351986105618,0.11173585711654588,0.05084629435981709,0.27362547456009373
44-45-43-45,44,45,43,45,0.538781464099884,0.746122419834137,0.5911560654640198,0.7217460870742798,0.05460980322267459,0.05643206615154384,0.11174325465546278,0.05084629435981709,0.27363141838949834
44-46-43-45,44,46,43,45,0.538781464099884,0.7461231350898743,0.5911560654640198,0.7217460870742798,0.05460980322267459,0.05643232816677107,0.11174325465546278,0.05084629435981709,0.2736316804047255
44-49-45-44,44,49,45,44,0.538781464099884,0.7463195323944092,0.5912417769432068,0.721671462059021,0.05460980322267459,0.05635883763550915,0.1118089871202269,0.050854788749363035,0.27363241672777366
44-45-44-44,44,45,44,44,0.538781464099884,0.746122419834137,0.591278076171875,0.721671462059021,0.05460980322267459,0.05643206615154384,0.11173585711654588,0.050854788749363035,0.2736325152401273
47-49-46-45,47,49,46,45,0.5391425490379333,0.7463195323944092,0.5906524062156677,0.7217460870742798,0.054551907544883246,0.05635883763550915,0.11187557556415675,0.05084629435981709,0.27363261510436626
44-46-44-44,44,46,44,44,0.538781464099884,0.7461231350898743,0.591278076171875,0.721671462059021,0.05460980322267459,0.05643232816677107,0.11173585711654588,0.050854788749363035,0.27363277725535456
44-44-43-45,44,44,43,45,0.538781464099884,0.746117115020752,0.5911560654640198,0.7217460870742798,0.05460980322267459,0.05643351845267544,0.11174325465546278,0.05084629435981709,0.2736328706906299
44-43-43-45,44,43,43,45,0.538781464099884,0.746117115020752,0.5911560654640198,0.7217460870742798,0.05460980322267459,0.05643351986105618,0.11174325465546278,0.05084629435981709,0.27363287209901066
44-44-44-44,44,44,44,44,0.538781464099884,0.746117115020752,0.591278076171875,0.721671462059021,0.05460980322267459,0.05643351845267544,0.11173585711654588,0.050854788749363035,0.27363396754125896
44-43-44-44,44,43,44,44,0.538781464099884,0.746117115020752,0.591278076171875,0.721671462059021,0.05460980322267459,0.05643351986105618,0.11173585711654588,0.050854788749363035,0.2736339689496397
47-45-45-45,47,45,45,45,0.5391425490379333,0.746122419834137,0.5912417769432068,0.7217460870742798,0.054551907544883246,0.05643206615154384,0.1118089871202269,0.05084629435981709,0.2736392551764711
47-46-45-45,47,46,45,45,0.5391425490379333,0.7461231350898743,0.5912417769432068,0.7217460870742798,0.054551907544883246,0.05643232816677107,0.1118089871202269,0.05084629435981709,0.2736395171916983
44-45-43-44,44,45,43,44,0.538781464099884,0.746122419834137,0.5911560654640198,0.721671462059021,0.05460980322267459,0.05643206615154384,0.11174325465546278,0.050854788749363035,0.27363991277904426
44-46-43-44,44,46,43,44,0.538781464099884,0.7461231350898743,0.5911560654640198,0.721671462059021,0.05460980322267459,0.05643232816677107,0.11174325465546278,0.050854788749363035,0.2736401747942715
44-49-44-43,44,49,44,43,0.538781464099884,0.7463195323944092,0.591278076171875,0.7212280035018921,0.05460980322267459,0.05635883763550915,0.11173585711654588,0.05093583610717092,0.2736403340819005
47-44-45-45,47,44,45,45,0.5391425490379333,0.746117115020752,0.5912417769432068,0.7217460870742798,0.054551907544883246,0.05643351845267544,0.1118089871202269,0.05084629435981709,0.27364070747760266
47-43-45-45,47,43,45,45,0.5391425490379333,0.746117115020752,0.5912417769432068,0.7217460870742798,0.054551907544883246,0.05643351986105618,0.1118089871202269,0.05084629435981709,0.2736407088859834
44-45-49-43,44,45,49,43,0.538781464099884,0.746122419834137,0.5918325185775757,0.7212280035018921,0.05460980322267459,0.05643206615154384,0.11166307782829818,0.05093583610717092,0.27364078330968755
44-46-49-43,44,46,49,43,0.538781464099884,0.7461231350898743,0.5918325185775757,0.7212280035018921,0.05460980322267459,0.05643232816677107,0.11166307782829818,0.05093583610717092,0.2736410453249148
47-49-46-44,47,49,46,44,0.5391425490379333,0.7463195323944092,0.5906524062156677,0.721671462059021,0.054551907544883246,0.05635883763550915,0.11187557556415675,0.050854788749363035,0.2736411094939122
44-44-43-44,44,44,43,44,0.538781464099884,0.746117115020752,0.5911560654640198,0.721671462059021,0.05460980322267459,0.05643351845267544,0.11174325465546278,0.050854788749363035,0.27364136508017584
44-43-43-44,44,43,43,44,0.538781464099884,0.746117115020752,0.5911560654640198,0.721671462059021,0.05460980322267459,0.05643351986105618,0.11174325465546278,0.050854788749363035,0.2736413664885566
44-44-49-43,44,44,49,43,0.538781464099884,0.746117115020752,0.5918325185775757,0.7212280035018921,0.05460980322267459,0.05643351845267544,0.11166307782829818,0.05093583610717092,0.27364223561081913
44-43-49-43,44,43,49,43,0.538781464099884,0.746117115020752,0.5918325185775757,0.7212280035018921,0.05460980322267459,0.05643351986105618,0.11166307782829818,0.05093583610717092,0.2736422370191999
45-49-49-45,45,49,49,45,0.5376781225204468,0.7463195323944092,0.5918325185775757,0.7217460870742798,0.054778589890928577,0.05635883763550915,0.11166307782829818,0.05084629435981709,0.27364679971455297
44-49-43-43,44,49,43,43,0.538781464099884,0.7463195323944092,0.5911560654640198,0.7212280035018921,0.05460980322267459,0.05635883763550915,0.11174325465546278,0.05093583610717092,0.27364773162081746
47-45-45-44,47,45,45,44,0.5391425490379333,0.746122419834137,0.5912417769432068,0.721671462059021,0.054551907544883246,0.05643206615154384,0.1118089871202269,0.050854788749363035,0.273647749566017
47-46-45-44,47,46,45,44,0.5391425490379333,0.7461231350898743,0.5912417769432068,0.721671462059021,0.054551907544883246,0.05643232816677107,0.1118089871202269,0.050854788749363035,0.27364801158124424
47-44-45-44,47,44,45,44,0.5391425490379333,0.746117115020752,0.5912417769432068,0.721671462059021,0.054551907544883246,0.05643351845267544,0.1118089871202269,0.050854788749363035,0.27364920186714864
47-43-45-44,47,43,45,44,0.5391425490379333,0.746117115020752,0.5912417769432068,0.721671462059021,0.054551907544883246,0.05643351986105618,0.1118089871202269,0.050854788749363035,0.27364920327552933
44-45-47-43,44,45,47,43,0.538781464099884,0.746122419834137,0.5916110873222351,0.7212280035018921,0.05460980322267459,0.05643206615154384,0.11167496598605615,0.05093583610717092,0.27365267146744554
44-46-47-43,44,46,47,43,0.538781464099884,0.7461231350898743,0.5916110873222351,0.7212280035018921,0.05460980322267459,0.05643232816677107,0.11167496598605615,0.05093583610717092,0.2736529334826727
43-45-46-45,43,45,46,45,0.5395240187644958,0.746122419834137,0.5906524062156677,0.7217460870742798,0.0545001875961745,0.05643206615154384,0.11187557556415675,0.05084629435981709,0.2736541236716922
44-44-47-43,44,44,47,43,0.538781464099884,0.746117115020752,0.5916110873222351,0.7212280035018921,0.05460980322267459,0.05643351845267544,0.11167496598605615,0.05093583610717092,0.2736541237685771
44-43-47-43,44,43,47,43,0.538781464099884,0.746117115020752,0.5916110873222351,0.7212280035018921,0.05460980322267459,0.05643351986105618,0.11167496598605615,0.05093583610717092,0.27365412517695786
44-45-48-43,44,45,48,43,0.538781464099884,0.746122419834137,0.5917304754257202,0.7212280035018921,0.05460980322267459,0.05643206615154384,0.11167644356041376,0.05093583610717092,0.27365414904180313
45-47-46-45,45,47,46,45,0.5376781225204468,0.7470830082893372,0.5906524062156677,0.7217460870742798,0.054778589890928577,0.05615386120428056,0.11187557556415675,0.05084629435981709,0.27365432101918297
43-46-46-45,43,46,46,45,0.5395240187644958,0.7461231350898743,0.5906524062156677,0.7217460870742798,0.0545001875961745,0.05643232816677107,0.11187557556415675,0.05084629435981709,0.2736543856869194
44-46-48-43,44,46,48,43,0.538781464099884,0.7461231350898743,0.5917304754257202,0.7212280035018921,0.05460980322267459,0.05643232816677107,0.11167644356041376,0.05093583610717092,0.27365441105703037
45-49-49-44,45,49,49,44,0.5376781225204468,0.7463195323944092,0.5918325185775757,0.721671462059021,0.054778589890928577,0.05635883763550915,0.11166307782829818,0.050854788749363035,0.27365529410409895
47-49-45-43,47,49,45,43,0.5391425490379333,0.7463195323944092,0.5912417769432068,0.7212280035018921,0.054551907544883246,0.05635883763550915,0.1118089871202269,0.05093583610717092,0.2736555684077902
43-44-46-45,43,44,46,45,0.5395240187644958,0.746117115020752,0.5906524062156677,0.7217460870742798,0.0545001875961745,0.05643351845267544,0.11187557556415675,0.05084629435981709,0.2736555759728238
43-43-46-45,43,43,46,45,0.5395240187644958,0.746117115020752,0.5906524062156677,0.7217460870742798,0.0545001875961745,0.05643351986105618,0.11187557556415675,0.05084629435981709,0.2736555773812045
44-44-48-43,44,44,48,43,0.538781464099884,0.746117115020752,0.5917304754257202,0.7212280035018921,0.05460980322267459,0.05643351845267544,0.11167644356041376,0.05093583610717092,0.2736556013429347
44-43-48-43,44,43,48,43,0.538781464099884,0.746117115020752,0.5917304754257202,0.7212280035018921,0.05460980322267459,0.05643351986105618,0.11167644356041376,0.05093583610717092,0.27365560275131545
47-45-44-43,47,45,44,43,0.5391425490379333,0.746122419834137,0.591278076171875,0.7212280035018921,0.054551907544883246,0.05643206615154384,0.11173585711654588,0.05093583610717092,0.27365566692014387
47-46-44-43,47,46,44,43,0.5391425490379333,0.7461231350898743,0.591278076171875,0.7212280035018921,0.054551907544883246,0.05643232816677107,0.11173585711654588,0.05093583610717092,0.2736559289353711
47-44-44-43,47,44,44,43,0.5391425490379333,0.746117115020752,0.591278076171875,0.7212280035018921,0.054551907544883246,0.05643351845267544,0.11173585711654588,0.05093583610717092,0.2736571192212755
47-43-44-43,47,43,44,43,0.5391425490379333,0.746117115020752,0.591278076171875,0.7212280035018921,0.054551907544883246,0.05643351986105618,0.11173585711654588,0.05093583610717092,0.27365712062965625
45-49-47-45,45,49,47,45,0.5376781225204468,0.7463195323944092,0.5916110873222351,0.7217460870742798,0.054778589890928577,0.05635883763550915,0.11167496598605615,0.05084629435981709,0.27365868787231096
45-49-48-45,45,49,48,45,0.5376781225204468,0.7463195323944092,0.5917304754257202,0.7217460870742798,0.054778589890928577,0.05635883763550915,0.11167644356041376,0.05084629435981709,0.2736601654466686
43-45-46-44,43,45,46,44,0.5395240187644958,0.746122419834137,0.5906524062156677,0.721671462059021,0.0545001875961745,0.05643206615154384,0.11187557556415675,0.050854788749363035,0.27366261806123815
45-47-46-44,45,47,46,44,0.5376781225204468,0.7470830082893372,0.5906524062156677,0.721671462059021,0.054778589890928577,0.05615386120428056,0.11187557556415675,0.050854788749363035,0.27366281540872894
43-46-46-44,43,46,46,44,0.5395240187644958,0.7461231350898743,0.5906524062156677,0.721671462059021,0.0545001875961745,0.05643232816677107,0.11187557556415675,0.050854788749363035,0.27366288007646533
47-45-43-43,47,45,43,43,0.5391425490379333,0.746122419834137,0.5911560654640198,0.7212280035018921,0.054551907544883246,0.05643206615154384,0.11174325465546278,0.05093583610717092,0.2736630644590608
47-46-43-43,47,46,43,43,0.5391425490379333,0.7461231350898743,0.5911560654640198,0.7212280035018921,0.054551907544883246,0.05643232816677107,0.11174325465546278,0.05093583610717092,0.27366332647428804
43-44-46-44,43,44,46,44,0.5395240187644958,0.746117115020752,0.5906524062156677,0.721671462059021,0.0545001875961745,0.05643351845267544,0.11187557556415675,0.050854788749363035,0.2736640703623697
43-43-46-44,43,43,46,44,0.5395240187644958,0.746117115020752,0.5906524062156677,0.721671462059021,0.0545001875961745,0.05643351986105618,0.11187557556415675,0.050854788749363035,0.27366407177075047
47-44-43-43,47,44,43,43,0.5391425490379333,0.746117115020752,0.5911560654640198,0.7212280035018921,0.054551907544883246,0.05643351845267544,0.11174325465546278,0.05093583610717092,0.2736645167601924
47-43-43-43,47,43,43,43,0.5391425490379333,0.746117115020752,0.5911560654640198,0.7212280035018921,0.054551907544883246,0.05643351986105618,0.11174325465546278,0.05093583610717092,0.2736645181685731
45-49-47-44,45,49,47,44,0.5376781225204468,0.7463195323944092,0.5916110873222351,0.721671462059021,0.054778589890928577,0.05635883763550915,0.11167496598605615,0.050854788749363035,0.27366718226185693
45-48-46-45,45,48,46,45,0.5376781225204468,0.747119128704071,0.5906524062156677,0.7217460870742798,0.054778589890928577,0.056167790685154546,0.11187557556415675,0.05084629435981709,0.27366825050005694
45-49-48-44,45,49,48,44,0.5376781225204468,0.7463195323944092,0.5917304754257202,0.721671462059021,0.054778589890928577,0.05635883763550915,0.11167644356041376,0.050854788749363035,0.2736686598362145
43-49-46-43,43,49,46,43,0.5395240187644958,0.7463195323944092,0.5906524062156677,0.7212280035018921,0.0545001875961745,0.05635883763550915,0.11187557556415675,0.05093583610717092,0.2736704369030113
45-48-46-44,45,48,46,44,0.5376781225204468,0.747119128704071,0.5906524062156677,0.721671462059021,0.054778589890928577,0.056167790685154546,0.11187557556415675,0.050854788749363035,0.2736767448896029
43-45-45-43,43,45,45,43,0.5395240187644958,0.746122419834137,0.5912417769432068,0.7212280035018921,0.0545001875961745,0.05643206615154384,0.1118089871202269,0.05093583610717092,0.2736770769751162
45-47-45-43,45,47,45,43,0.5376781225204468,0.7470830082893372,0.5912417769432068,0.7212280035018921,0.054778589890928577,0.05615386120428056,0.1118089871202269,0.05093583610717092,0.27367727432260697
43-46-45-43,43,46,45,43,0.5395240187644958,0.7461231350898743,0.5912417769432068,0.7212280035018921,0.0545001875961745,0.05643232816677107,0.1118089871202269,0.05093583610717092,0.2736773389903434
43-44-45-43,43,44,45,43,0.5395240187644958,0.746117115020752,0.5912417769432068,0.7212280035018921,0.0545001875961745,0.05643351845267544,0.1118089871202269,0.05093583610717092,0.27367852927624775
43-43-45-43,43,43,45,43,0.5395240187644958,0.746117115020752,0.5912417769432068,0.7212280035018921,0.0545001875961745,0.05643351986105618,0.1118089871202269,0.05093583610717092,0.2736785306846285
44-49-46-45,44,49,46,45,0.538781464099884,0.7463195323944092,0.5906524062156677,0.7217460870742798,0.05460980322267459,0.05635883763550915,0.11187557556415675,0.05084629435981709,0.27369051078215756
45-48-45-43,45,48,45,43,0.5376781225204468,0.747119128704071,0.5912417769432068,0.7212280035018921,0.054778589890928577,0.056167790685154546,0.1118089871202269,0.05093583610717092,0.27369120380348094
44-45-45-45,44,45,45,45,0.538781464099884,0.746122419834137,0.5912417769432068,0.7217460870742798,0.05460980322267459,0.05643206615154384,0.1118089871202269,0.05084629435981709,0.27369715085426244
44-46-45-45,44,46,45,45,0.538781464099884,0.7461231350898743,0.5912417769432068,0.7217460870742798,0.05460980322267459,0.05643232816677107,0.1118089871202269,0.05084629435981709,0.2736974128694897
44-44-45-45,44,44,45,45,0.538781464099884,0.746117115020752,0.5912417769432068,0.7217460870742798,0.05460980322267459,0.05643351845267544,0.1118089871202269,0.05084629435981709,0.273698603155394
44-43-45-45,44,43,45,45,0.538781464099884,0.746117115020752,0.5912417769432068,0.7217460870742798,0.05460980322267459,0.05643351986105618,0.1118089871202269,0.05084629435981709,0.27369860456377476
44-49-46-44,44,49,46,44,0.538781464099884,0.7463195323944092,0.5906524062156677,0.721671462059021,0.05460980322267459,0.05635883763550915,0.11187557556415675,0.050854788749363035,0.27369900517170354
44-45-45-44,44,45,45,44,0.538781464099884,0.746122419834137,0.5912417769432068,0.721671462059021,0.05460980322267459,0.05643206615154384,0.1118089871202269,0.050854788749363035,0.27370564524380836
47-45-46-45,47,45,46,45,0.5391425490379333,0.746122419834137,0.5906524062156677,0.7217460870742798,0.054551907544883246,0.05643206615154384,0.11187557556415675,0.05084629435981709,0.27370584362040096
44-46-45-44,44,46,45,44,0.538781464099884,0.7461231350898743,0.5912417769432068,0.721671462059021,0.05460980322267459,0.05643232816677107,0.1118089871202269,0.050854788749363035,0.2737059072590356
47-46-46-45,47,46,46,45,0.5391425490379333,0.7461231350898743,0.5906524062156677,0.7217460870742798,0.054551907544883246,0.05643232816677107,0.11187557556415675,0.05084629435981709,0.27370610563562814
44-44-45-44,44,44,45,44,0.538781464099884,0.746117115020752,0.5912417769432068,0.721671462059021,0.05460980322267459,0.05643351845267544,0.1118089871202269,0.050854788749363035,0.27370709754493994
44-43-45-44,44,43,45,44,0.538781464099884,0.746117115020752,0.5912417769432068,0.721671462059021,0.05460980322267459,0.05643351986105618,0.1118089871202269,0.050854788749363035,0.2737070989533207
47-44-46-45,47,44,46,45,0.5391425490379333,0.746117115020752,0.5906524062156677,0.7217460870742798,0.054551907544883246,0.05643351845267544,0.11187557556415675,0.05084629435981709,0.27370729592153253
47-43-46-45,47,43,46,45,0.5391425490379333,0.746117115020752,0.5906524062156677,0.7217460870742798,0.054551907544883246,0.05643351986105618,0.11187557556415675,0.05084629435981709,0.2737072973299133
44-49-45-43,44,49,45,43,0.538781464099884,0.7463195323944092,0.5912417769432068,0.7212280035018921,0.05460980322267459,0.05635883763550915,0.1118089871202269,0.05093583610717092,0.27371346408558156
44-45-44-43,44,45,44,43,0.538781464099884,0.746122419834137,0.591278076171875,0.7212280035018921,0.05460980322267459,0.05643206615154384,0.11173585711654588,0.05093583610717092,0.2737135625979352
44-46-44-43,44,46,44,43,0.538781464099884,0.7461231350898743,0.591278076171875,0.7212280035018921,0.05460980322267459,0.05643232816677107,0.11173585711654588,0.05093583610717092,0.27371382461316246
47-45-46-44,47,45,46,44,0.5391425490379333,0.746122419834137,0.5906524062156677,0.721671462059021,0.054551907544883246,0.05643206615154384,0.11187557556415675,0.050854788749363035,0.2737143380099469
47-46-46-44,47,46,46,44,0.5391425490379333,0.7461231350898743,0.5906524062156677,0.721671462059021,0.054551907544883246,0.05643232816677107,0.11187557556415675,0.050854788749363035,0.2737146000251741
44-44-44-43,44,44,44,43,0.538781464099884,0.746117115020752,0.591278076171875,0.7212280035018921,0.05460980322267459,0.05643351845267544,0.11173585711654588,0.05093583610717092,0.27371501489906686
44-43-44-43,44,43,44,43,0.538781464099884,0.746117115020752,0.591278076171875,0.7212280035018921,0.05460980322267459,0.05643351986105618,0.11173585711654588,0.05093583610717092,0.27371501630744755
47-44-46-44,47,44,46,44,0.5391425490379333,0.746117115020752,0.5906524062156677,0.721671462059021,0.054551907544883246,0.05643351845267544,0.11187557556415675,0.050854788749363035,0.27371579031107846
47-43-46-44,47,43,46,44,0.5391425490379333,0.746117115020752,0.5906524062156677,0.721671462059021,0.054551907544883246,0.05643351986105618,0.11187557556415675,0.050854788749363035,0.2737157917194592
45-49-44-45,45,49,44,45,0.5376781225204468,0.7463195323944092,0.591278076171875,0.7217460870742798,0.054778589890928577,0.05635883763550915,0.11173585711654588,0.05084629435981709,0.2737195790028007
45-45-49-45,45,45,49,45,0.5376781225204468,0.746122419834137,0.5918325185775757,0.7217460870742798,0.054778589890928577,0.05643206615154384,0.11166307782829818,0.05084629435981709,0.2737200282305877
45-46-49-45,45,46,49,45,0.5376781225204468,0.7461231350898743,0.5918325185775757,0.7217460870742798,0.054778589890928577,0.05643232816677107,0.11166307782829818,0.05084629435981709,0.2737202902458149
44-45-43-43,44,45,43,43,0.538781464099884,0.746122419834137,0.5911560654640198,0.7212280035018921,0.05460980322267459,0.05643206615154384,0.11174325465546278,0.05093583610717092,0.27372096013685215
44-46-43-43,44,46,43,43,0.538781464099884,0.7461231350898743,0.5911560654640198,0.7212280035018921,0.05460980322267459,0.05643232816677107,0.11174325465546278,0.05093583610717092,0.2737212221520794
45-44-49-45,45,44,49,45,0.5376781225204468,0.746117115020752,0.5918325185775757,0.7217460870742798,0.054778589890928577,0.05643351845267544,0.11166307782829818,0.05084629435981709,0.2737214805317193
45-43-49-45,45,43,49,45,0.5376781225204468,0.746117115020752,0.5918325185775757,0.7217460870742798,0.054778589890928577,0.05643351986105618,0.11166307782829818,0.05084629435981709,0.27372148194010004
47-49-46-43,47,49,46,43,0.5391425490379333,0.7463195323944092,0.5906524062156677,0.7212280035018921,0.054551907544883246,0.05635883763550915,0.11187557556415675,0.05093583610717092,0.2737221568517201
44-44-43-43,44,44,43,43,0.538781464099884,0.746117115020752,0.5911560654640198,0.7212280035018921,0.05460980322267459,0.05643351845267544,0.11174325465546278,0.05093583610717092,0.27372241243798373
44-43-43-43,44,43,43,43,0.538781464099884,0.746117115020752,0.5911560654640198,0.7212280035018921,0.05460980322267459,0.05643351986105618,0.11174325465546278,0.05093583610717092,0.2737224138463645
45-49-43-45,45,49,43,45,0.5376781225204468,0.7463195323944092,0.5911560654640198,0.7217460870742798,0.054778589890928577,0.05635883763550915,0.11174325465546278,0.05084629435981709,0.2737269765417176
45-49-44-44,45,49,44,44,0.5376781225204468,0.7463195323944092,0.591278076171875,0.721671462059021,0.054778589890928577,0.05635883763550915,0.11173585711654588,0.050854788749363035,0.2737280733923466
45-45-49-44,45,45,49,44,0.5376781225204468,0.746122419834137,0.5918325185775757,0.721671462059021,0.054778589890928577,0.05643206615154384,0.11166307782829818,0.050854788749363035,0.27372852262013364
45-46-49-44,45,46,49,44,0.5376781225204468,0.7461231350898743,0.5918325185775757,0.721671462059021,0.054778589890928577,0.05643232816677107,0.11166307782829818,0.050854788749363035,0.2737287846353609
47-45-45-43,47,45,45,43,0.5391425490379333,0.746122419834137,0.5912417769432068,0.7212280035018921,0.054551907544883246,0.05643206615154384,0.1118089871202269,0.05093583610717092,0.2737287969238249
47-46-45-43,47,46,45,43,0.5391425490379333,0.7461231350898743,0.5912417769432068,0.7212280035018921,0.054551907544883246,0.05643232816677107,0.1118089871202269,0.05093583610717092,0.27372905893905214
45-44-49-44,45,44,49,44,0.5376781225204468,0.746117115020752,0.5918325185775757,0.721671462059021,0.054778589890928577,0.05643351845267544,0.11166307782829818,0.050854788749363035,0.2737299749212652
45-43-49-44,45,43,49,44,0.5376781225204468,0.746117115020752,0.5918325185775757,0.721671462059021,0.054778589890928577,0.05643351986105618,0.11166307782829818,0.050854788749363035,0.27372997632964596
47-44-45-43,47,44,45,43,0.5391425490379333,0.746117115020752,0.5912417769432068,0.7212280035018921,0.054551907544883246,0.05643351845267544,0.1118089871202269,0.05093583610717092,0.2737302492249565
47-43-45-43,47,43,45,43,0.5391425490379333,0.746117115020752,0.5912417769432068,0.7212280035018921,0.054551907544883246,0.05643351986105618,0.1118089871202269,0.05093583610717092,0.2737302506333372
45-45-47-45,45,45,47,45,0.5376781225204468,0.746122419834137,0.5916110873222351,0.7217460870742798,0.054778589890928577,0.05643206615154384,0.11167496598605615,0.05084629435981709,0.27373191638834565
45-46-47-45,45,46,47,45,0.5376781225204468,0.7461231350898743,0.5916110873222351,0.7217460870742798,0.054778589890928577,0.05643232816677107,0.11167496598605615,0.05084629435981709,0.2737321784035729
45-44-47-45,45,44,47,45,0.5376781225204468,0.746117115020752,0.5916110873222351,0.7217460870742798,0.054778589890928577,0.05643351845267544,0.11167496598605615,0.05084629435981709,0.2737333686894773
45-43-47-45,45,43,47,45,0.5376781225204468,0.746117115020752,0.5916110873222351,0.7217460870742798,0.054778589890928577,0.05643351986105618,0.11167496598605615,0.05084629435981709,0.27373337009785803
45-45-48-45,45,45,48,45,0.5376781225204468,0.746122419834137,0.5917304754257202,0.7217460870742798,0.054778589890928577,0.05643206615154384,0.11167644356041376,0.05084629435981709,0.27373339396270324
45-46-48-45,45,46,48,45,0.5376781225204468,0.7461231350898743,0.5917304754257202,0.7217460870742798,0.054778589890928577,0.05643232816677107,0.11167644356041376,0.05084629435981709,0.2737336559779305
45-44-48-45,45,44,48,45,0.5376781225204468,0.746117115020752,0.5917304754257202,0.7217460870742798,0.054778589890928577,0.05643351845267544,0.11167644356041376,0.05084629435981709,0.2737348462638349
45-43-48-45,45,43,48,45,0.5376781225204468,0.746117115020752,0.5917304754257202,0.7217460870742798,0.054778589890928577,0.05643351986105618,0.11167644356041376,0.05084629435981709,0.2737348476722156
45-49-43-44,45,49,43,44,0.5376781225204468,0.7463195323944092,0.5911560654640198,0.721671462059021,0.054778589890928577,0.05635883763550915,0.11174325465546278,0.050854788749363035,0.27373547093126355
45-49-49-43,45,49,49,43,0.5376781225204468,0.7463195323944092,0.5918325185775757,0.7212280035018921,0.054778589890928577,0.05635883763550915,0.11166307782829818,0.05093583610717092,0.27373634146190684
45-45-47-44,45,45,47,44,0.5376781225204468,0.746122419834137,0.5916110873222351,0.721671462059021,0.054778589890928577,0.05643206615154384,0.11167496598605615,0.050854788749363035,0.27374041077789163
45-46-47-44,45,46,47,44,0.5376781225204468,0.7461231350898743,0.5916110873222351,0.721671462059021,0.054778589890928577,0.05643232816677107,0.11167496598605615,0.050854788749363035,0.27374067279311887
45-44-47-44,45,44,47,44,0.5376781225204468,0.746117115020752,0.5916110873222351,0.721671462059021,0.054778589890928577,0.05643351845267544,0.11167496598605615,0.050854788749363035,0.2737418630790232
45-43-47-44,45,43,47,44,0.5376781225204468,0.746117115020752,0.5916110873222351,0.721671462059021,0.054778589890928577,0.05643351986105618,0.11167496598605615,0.050854788749363035,0.27374186448740395
45-45-48-44,45,45,48,44,0.5376781225204468,0.746122419834137,0.5917304754257202,0.721671462059021,0.054778589890928577,0.05643206615154384,0.11167644356041376,0.050854788749363035,0.2737418883522492
45-46-48-44,45,46,48,44,0.5376781225204468,0.7461231350898743,0.5917304754257202,0.721671462059021,0.054778589890928577,0.05643232816677107,0.11167644356041376,0.050854788749363035,0.27374215036747646
45-44-48-44,45,44,48,44,0.5376781225204468,0.746117115020752,0.5917304754257202,0.721671462059021,0.054778589890928577,0.05643351845267544,0.11167644356041376,0.050854788749363035,0.2737433406533808
45-43-48-44,45,43,48,44,0.5376781225204468,0.746117115020752,0.5917304754257202,0.721671462059021,0.054778589890928577,0.05643351986105618,0.11167644356041376,0.050854788749363035,0.27374334206176154
43-45-46-43,43,45,46,43,0.5395240187644958,0.746122419834137,0.5906524062156677,0.7212280035018921,0.0545001875961745,0.05643206615154384,0.11187557556415675,0.05093583610717092,0.27374366541904604
45-47-46-43,45,47,46,43,0.5376781225204468,0.7470830082893372,0.5906524062156677,0.7212280035018921,0.054778589890928577,0.05615386120428056,0.11187557556415675,0.05093583610717092,0.27374386276653684
43-46-46-43,43,46,46,43,0.5395240187644958,0.7461231350898743,0.5906524062156677,0.7212280035018921,0.0545001875961745,0.05643232816677107,0.11187557556415675,0.05093583610717092,0.2737439274342732
43-44-46-43,43,44,46,43,0.5395240187644958,0.746117115020752,0.5906524062156677,0.7212280035018921,0.0545001875961745,0.05643351845267544,0.11187557556415675,0.05093583610717092,0.2737451177201776
43-43-46-43,43,43,46,43,0.5395240187644958,0.746117115020752,0.5906524062156677,0.7212280035018921,0.0545001875961745,0.05643351986105618,0.11187557556415675,0.05093583610717092,0.27374511912855837
45-49-47-43,45,49,47,43,0.5376781225204468,0.7463195323944092,0.5916110873222351,0.7212280035018921,0.054778589890928577,0.05635883763550915,0.11167496598605615,0.05093583610717092,0.27374822961966483
45-49-48-43,45,49,48,43,0.5376781225204468,0.7463195323944092,0.5917304754257202,0.7212280035018921,0.054778589890928577,0.05635883763550915,0.11167644356041376,0.05093583610717092,0.2737497071940224
45-48-46-43,45,48,46,43,0.5376781225204468,0.747119128704071,0.5906524062156677,0.7212280035018921,0.054778589890928577,0.056167790685154546,0.11187557556415675,0.05093583610717092,0.2737577922474108
44-45-46-45,44,45,46,45,0.538781464099884,0.746122419834137,0.5906524062156677,0.7217460870742798,0.05460980322267459,0.05643206615154384,0.11187557556415675,0.05084629435981709,0.2737637392981923
44-46-46-45,44,46,46,45,0.538781464099884,0.7461231350898743,0.5906524062156677,0.7217460870742798,0.05460980322267459,0.05643232816677107,0.11187557556415675,0.05084629435981709,0.2737640013134195
44-44-46-45,44,44,46,45,0.538781464099884,0.746117115020752,0.5906524062156677,0.7217460870742798,0.05460980322267459,0.05643351845267544,0.11187557556415675,0.05084629435981709,0.2737651915993239
44-43-46-45,44,43,46,45,0.538781464099884,0.746117115020752,0.5906524062156677,0.7217460870742798,0.05460980322267459,0.05643351986105618,0.11187557556415675,0.05084629435981709,0.27376519300770463
44-45-46-44,44,45,46,44,0.538781464099884,0.746122419834137,0.5906524062156677,0.721671462059021,0.05460980322267459,0.05643206615154384,0.11187557556415675,0.050854788749363035,0.27377223368773823
44-46-46-44,44,46,46,44,0.538781464099884,0.7461231350898743,0.5906524062156677,0.721671462059021,0.05460980322267459,0.05643232816677107,0.11187557556415675,0.050854788749363035,0.27377249570296547
44-44-46-44,44,44,46,44,0.538781464099884,0.746117115020752,0.5906524062156677,0.721671462059021,0.05460980322267459,0.05643351845267544,0.11187557556415675,0.050854788749363035,0.2737736859888698
44-43-46-44,44,43,46,44,0.538781464099884,0.746117115020752,0.5906524062156677,0.721671462059021,0.05460980322267459,0.05643351986105618,0.11187557556415675,0.050854788749363035,0.27377368739725055
44-49-46-43,44,49,46,43,0.538781464099884,0.7463195323944092,0.5906524062156677,0.7212280035018921,0.05460980322267459,0.05635883763550915,0.11187557556415675,0.05093583610717092,0.27378005252951143
44-45-45-43,44,45,45,43,0.538781464099884,0.746122419834137,0.5912417769432068,0.7212280035018921,0.05460980322267459,0.05643206615154384,0.1118089871202269,0.05093583610717092,0.27378669260161625
44-46-45-43,44,46,45,43,0.538781464099884,0.7461231350898743,0.5912417769432068,0.7212280035018921,0.05460980322267459,0.05643232816677107,0.1118089871202269,0.05093583610717092,0.2737869546168435
44-44-45-43,44,44,45,43,0.538781464099884,0.746117115020752,0.5912417769432068,0.7212280035018921,0.05460980322267459,0.05643351845267544,0.1118089871202269,0.05093583610717092,0.27378814490274783
44-43-45-43,44,43,45,43,0.538781464099884,0.746117115020752,0.5912417769432068,0.7212280035018921,0.05460980322267459,0.05643351986105618,0.1118089871202269,0.05093583610717092,0.2737881463111286
45-49-45-45,45,49,45,45,0.5376781225204468,0.7463195323944092,0.5912417769432068,0.7217460870742798,0.054778589890928577,0.05635883763550915,0.1118089871202269,0.05084629435981709,0.2737927090064817
45-45-44-45,45,45,44,45,0.5376781225204468,0.746122419834137,0.591278076171875,0.7217460870742798,0.054778589890928577,0.05643206615154384,0.11173585711654588,0.05084629435981709,0.2737928075188354
45-46-44-45,45,46,44,45,0.5376781225204468,0.7461231350898743,0.591278076171875,0.7217460870742798,0.054778589890928577,0.05643232816677107,0.11173585711654588,0.05084629435981709,0.2737930695340626
45-44-44-45,45,44,44,45,0.5376781225204468,0.746117115020752,0.591278076171875,0.7217460870742798,0.054778589890928577,0.05643351845267544,0.11173585711654588,0.05084629435981709,0.27379425981996697
45-43-44-45,45,43,44,45,0.5376781225204468,0.746117115020752,0.591278076171875,0.7217460870742798,0.054778589890928577,0.05643351986105618,0.11173585711654588,0.05084629435981709,0.2737942612283477
47-45-46-43,47,45,46,43,0.5391425490379333,0.746122419834137,0.5906524062156677,0.7212280035018921,0.054551907544883246,0.05643206615154384,0.11187557556415675,0.05093583610717092,0.2737953853677548
47-46-46-43,47,46,46,43,0.5391425490379333,0.7461231350898743,0.5906524062156677,0.7212280035018921,0.054551907544883246,0.05643232816677107,0.11187557556415675,0.05093583610717092,0.273795647382982
47-44-46-43,47,44,46,43,0.5391425490379333,0.746117115020752,0.5906524062156677,0.7212280035018921,0.054551907544883246,0.05643351845267544,0.11187557556415675,0.05093583610717092,0.27379683766888635
47-43-46-43,47,43,46,43,0.5391425490379333,0.746117115020752,0.5906524062156677,0.7212280035018921,0.054551907544883246,0.05643351986105618,0.11187557556415675,0.05093583610717092,0.2737968390772671
45-45-43-45,45,45,43,45,0.5376781225204468,0.746122419834137,0.5911560654640198,0.7217460870742798,0.054778589890928577,0.05643206615154384,0.11174325465546278,0.05084629435981709,0.27380020505775227
45-46-43-45,45,46,43,45,0.5376781225204468,0.7461231350898743,0.5911560654640198,0.7217460870742798,0.054778589890928577,0.05643232816677107,0.11174325465546278,0.05084629435981709,0.2738004670729795
45-49-45-44,45,49,45,44,0.5376781225204468,0.7463195323944092,0.5912417769432068,0.721671462059021,0.054778589890928577,0.05635883763550915,0.1118089871202269,0.050854788749363035,0.27380120339602765
45-45-44-44,45,45,44,44,0.5376781225204468,0.746122419834137,0.591278076171875,0.721671462059021,0.054778589890928577,0.05643206615154384,0.11173585711654588,0.050854788749363035,0.2738013019083813
45-46-44-44,45,46,44,44,0.5376781225204468,0.7461231350898743,0.591278076171875,0.721671462059021,0.054778589890928577,0.05643232816677107,0.11173585711654588,0.050854788749363035,0.27380156392360855
45-44-43-45,45,44,43,45,0.5376781225204468,0.746117115020752,0.5911560654640198,0.7217460870742798,0.054778589890928577,0.05643351845267544,0.11174325465546278,0.05084629435981709,0.2738016573588839
45-43-43-45,45,43,43,45,0.5376781225204468,0.746117115020752,0.5911560654640198,0.7217460870742798,0.054778589890928577,0.05643351986105618,0.11174325465546278,0.05084629435981709,0.27380165876726464
45-44-44-44,45,44,44,44,0.5376781225204468,0.746117115020752,0.591278076171875,0.721671462059021,0.054778589890928577,0.05643351845267544,0.11173585711654588,0.050854788749363035,0.27380275420951294
45-43-44-44,45,43,44,44,0.5376781225204468,0.746117115020752,0.591278076171875,0.721671462059021,0.054778589890928577,0.05643351986105618,0.11173585711654588,0.050854788749363035,0.2738027556178937
45-45-43-44,45,45,43,44,0.5376781225204468,0.746122419834137,0.5911560654640198,0.721671462059021,0.054778589890928577,0.05643206615154384,0.11174325465546278,0.050854788749363035,0.27380869944729824
45-46-43-44,45,46,43,44,0.5376781225204468,0.7461231350898743,0.5911560654640198,0.721671462059021,0.054778589890928577,0.05643232816677107,0.11174325465546278,0.050854788749363035,0.2738089614625255
45-49-44-43,45,49,44,43,0.5376781225204468,0.7463195323944092,0.591278076171875,0.7212280035018921,0.054778589890928577,0.05635883763550915,0.11173585711654588,0.05093583610717092,0.2738091207501545
45-45-49-43,45,45,49,43,0.5376781225204468,0.746122419834137,0.5918325185775757,0.7212280035018921,0.054778589890928577,0.05643206615154384,0.11166307782829818,0.05093583610717092,0.27380956997794154
45-46-49-43,45,46,49,43,0.5376781225204468,0.7461231350898743,0.5918325185775757,0.7212280035018921,0.054778589890928577,0.05643232816677107,0.11166307782829818,0.05093583610717092,0.2738098319931688
45-44-43-44,45,44,43,44,0.5376781225204468,0.746117115020752,0.5911560654640198,0.721671462059021,0.054778589890928577,0.05643351845267544,0.11174325465546278,0.050854788749363035,0.2738101517484298
45-43-43-44,45,43,43,44,0.5376781225204468,0.746117115020752,0.5911560654640198,0.721671462059021,0.054778589890928577,0.05643351986105618,0.11174325465546278,0.050854788749363035,0.27381015315681057
45-44-49-43,45,44,49,43,0.5376781225204468,0.746117115020752,0.5918325185775757,0.7212280035018921,0.054778589890928577,0.05643351845267544,0.11166307782829818,0.05093583610717092,0.2738110222790731
45-43-49-43,45,43,49,43,0.5376781225204468,0.746117115020752,0.5918325185775757,0.7212280035018921,0.054778589890928577,0.05643351986105618,0.11166307782829818,0.05093583610717092,0.27381102368745386
45-49-43-43,45,49,43,43,0.5376781225204468,0.7463195323944092,0.5911560654640198,0.7212280035018921,0.054778589890928577,0.05635883763550915,0.11174325465546278,0.05093583610717092,0.27381651828907144
45-45-47-43,45,45,47,43,0.5376781225204468,0.746122419834137,0.5916110873222351,0.7212280035018921,0.054778589890928577,0.05643206615154384,0.11167496598605615,0.05093583610717092,0.27382145813569947
45-46-47-43,45,46,47,43,0.5376781225204468,0.7461231350898743,0.5916110873222351,0.7212280035018921,0.054778589890928577,0.05643232816677107,0.11167496598605615,0.05093583610717092,0.2738217201509267
45-44-47-43,45,44,47,43,0.5376781225204468,0.746117115020752,0.5916110873222351,0.7212280035018921,0.054778589890928577,0.05643351845267544,0.11167496598605615,0.05093583610717092,0.2738229104368311
45-43-47-43,45,43,47,43,0.5376781225204468,0.746117115020752,0.5916110873222351,0.7212280035018921,0.054778589890928577,0.05643351986105618,0.11167496598605615,0.05093583610717092,0.27382291184521185
45-45-48-43,45,45,48,43,0.5376781225204468,0.746122419834137,0.5917304754257202,0.7212280035018921,0.054778589890928577,0.05643206615154384,0.11167644356041376,0.05093583610717092,0.2738229357100571
45-46-48-43,45,46,48,43,0.5376781225204468,0.7461231350898743,0.5917304754257202,0.7212280035018921,0.054778589890928577,0.05643232816677107,0.11167644356041376,0.05093583610717092,0.27382319772528435
45-44-48-43,45,44,48,43,0.5376781225204468,0.746117115020752,0.5917304754257202,0.7212280035018921,0.054778589890928577,0.05643351845267544,0.11167644356041376,0.05093583610717092,0.2738243880111887
45-43-48-43,45,43,48,43,0.5376781225204468,0.746117115020752,0.5917304754257202,0.7212280035018921,0.054778589890928577,0.05643351986105618,0.11167644356041376,0.05093583610717092,0.27382438941956944
44-45-46-43,44,45,46,43,0.538781464099884,0.746122419834137,0.5906524062156677,0.7212280035018921,0.05460980322267459,0.05643206615154384,0.11187557556415675,0.05093583610717092,0.2738532810455461
44-46-46-43,44,46,46,43,0.538781464099884,0.7461231350898743,0.5906524062156677,0.7212280035018921,0.05460980322267459,0.05643232816677107,0.11187557556415675,0.05093583610717092,0.27385354306077336
44-44-46-43,44,44,46,43,0.538781464099884,0.746117115020752,0.5906524062156677,0.7212280035018921,0.05460980322267459,0.05643351845267544,0.11187557556415675,0.05093583610717092,0.2738547333466777
44-43-46-43,44,43,46,43,0.538781464099884,0.746117115020752,0.5906524062156677,0.7212280035018921,0.05460980322267459,0.05643351986105618,0.11187557556415675,0.05093583610717092,0.27385473475505845
45-49-46-45,45,49,46,45,0.5376781225204468,0.7463195323944092,0.5906524062156677,0.7217460870742798,0.054778589890928577,0.05635883763550915,0.11187557556415675,0.05084629435981709,0.2738592974504116
45-45-45-45,45,45,45,45,0.5376781225204468,0.746122419834137,0.5912417769432068,0.7217460870742798,0.054778589890928577,0.05643206615154384,0.1118089871202269,0.05084629435981709,0.2738659375225164
45-46-45-45,45,46,45,45,0.5376781225204468,0.7461231350898743,0.5912417769432068,0.7217460870742798,0.054778589890928577,0.05643232816677107,0.1118089871202269,0.05084629435981709,0.27386619953774366
45-44-45-45,45,44,45,45,0.5376781225204468,0.746117115020752,0.5912417769432068,0.7217460870742798,0.054778589890928577,0.05643351845267544,0.1118089871202269,0.05084629435981709,0.273867389823648
45-43-45-45,45,43,45,45,0.5376781225204468,0.746117115020752,0.5912417769432068,0.7217460870742798,0.054778589890928577,0.05643351986105618,0.1118089871202269,0.05084629435981709,0.27386739123202875
45-49-46-44,45,49,46,44,0.5376781225204468,0.7463195323944092,0.5906524062156677,0.721671462059021,0.054778589890928577,0.05635883763550915,0.11187557556415675,0.050854788749363035,0.2738677918399575
45-45-45-44,45,45,45,44,0.5376781225204468,0.746122419834137,0.5912417769432068,0.721671462059021,0.054778589890928577,0.05643206615154384,0.1118089871202269,0.050854788749363035,0.27387443191206234
45-46-45-44,45,46,45,44,0.5376781225204468,0.7461231350898743,0.5912417769432068,0.721671462059021,0.054778589890928577,0.05643232816677107,0.1118089871202269,0.050854788749363035,0.2738746939272896
45-44-45-44,45,44,45,44,0.5376781225204468,0.746117115020752,0.5912417769432068,0.721671462059021,0.054778589890928577,0.05643351845267544,0.1118089871202269,0.050854788749363035,0.273875884213194
45-43-45-44,45,43,45,44,0.5376781225204468,0.746117115020752,0.5912417769432068,0.721671462059021,0.054778589890928577,0.05643351986105618,0.1118089871202269,0.050854788749363035,0.27387588562157467
45-49-45-43,45,49,45,43,0.5376781225204468,0.7463195323944092,0.5912417769432068,0.7212280035018921,0.054778589890928577,0.05635883763550915,0.1118089871202269,0.05093583610717092,0.27388225075383554
45-45-44-43,45,45,44,43,0.5376781225204468,0.746122419834137,0.591278076171875,0.7212280035018921,0.054778589890928577,0.05643206615154384,0.11173585711654588,0.05093583610717092,0.2738823492661892
45-46-44-43,45,46,44,43,0.5376781225204468,0.7461231350898743,0.591278076171875,0.7212280035018921,0.054778589890928577,0.05643232816677107,0.11173585711654588,0.05093583610717092,0.27388261128141644
45-44-44-43,45,44,44,43,0.5376781225204468,0.746117115020752,0.591278076171875,0.7212280035018921,0.054778589890928577,0.05643351845267544,0.11173585711654588,0.05093583610717092,0.27388380156732084
45-43-44-43,45,43,44,43,0.5376781225204468,0.746117115020752,0.591278076171875,0.7212280035018921,0.054778589890928577,0.05643351986105618,0.11173585711654588,0.05093583610717092,0.2738838029757016
45-45-43-43,45,45,43,43,0.5376781225204468,0.746122419834137,0.5911560654640198,0.7212280035018921,0.054778589890928577,0.05643206615154384,0.11174325465546278,0.05093583610717092,0.27388974680510614
45-46-43-43,45,46,43,43,0.5376781225204468,0.7461231350898743,0.5911560654640198,0.7212280035018921,0.054778589890928577,0.05643232816677107,0.11174325465546278,0.05093583610717092,0.2738900088203334
45-44-43-43,45,44,43,43,0.5376781225204468,0.746117115020752,0.5911560654640198,0.7212280035018921,0.054778589890928577,0.05643351845267544,0.11174325465546278,0.05093583610717092,0.2738911991062377
45-43-43-43,45,43,43,43,0.5376781225204468,0.746117115020752,0.5911560654640198,0.7212280035018921,0.054778589890928577,0.05643351986105618,0.11174325465546278,0.05093583610717092,0.27389120051461846
45-45-46-45,45,45,46,45,0.5376781225204468,0.746122419834137,0.5906524062156677,0.7217460870742798,0.054778589890928577,0.05643206615154384,0.11187557556415675,0.05084629435981709,0.27393252596644624
45-46-46-45,45,46,46,45,0.5376781225204468,0.7461231350898743,0.5906524062156677,0.7217460870742798,0.054778589890928577,0.05643232816677107,0.11187557556415675,0.05084629435981709,0.2739327879816735
45-44-46-45,45,44,46,45,0.5376781225204468,0.746117115020752,0.5906524062156677,0.7217460870742798,0.054778589890928577,0.05643351845267544,0.11187557556415675,0.05084629435981709,0.27393397826757787
45-43-46-45,45,43,46,45,0.5376781225204468,0.746117115020752,0.5906524062156677,0.7217460870742798,0.054778589890928577,0.05643351986105618,0.11187557556415675,0.05084629435981709,0.2739339796759586
45-45-46-44,45,45,46,44,0.5376781225204468,0.746122419834137,0.5906524062156677,0.721671462059021,0.054778589890928577,0.05643206615154384,0.11187557556415675,0.050854788749363035,0.2739410203559922
45-46-46-44,45,46,46,44,0.5376781225204468,0.7461231350898743,0.5906524062156677,0.721671462059021,0.054778589890928577,0.05643232816677107,0.11187557556415675,0.050854788749363035,0.27394128237121945
45-44-46-44,45,44,46,44,0.5376781225204468,0.746117115020752,0.5906524062156677,0.721671462059021,0.054778589890928577,0.05643351845267544,0.11187557556415675,0.050854788749363035,0.2739424726571238
45-43-46-44,45,43,46,44,0.5376781225204468,0.746117115020752,0.5906524062156677,0.721671462059021,0.054778589890928577,0.05643351986105618,0.11187557556415675,0.050854788749363035,0.27394247406550454
45-49-46-43,45,49,46,43,0.5376781225204468,0.7463195323944092,0.5906524062156677,0.7212280035018921,0.054778589890928577,0.05635883763550915,0.11187557556415675,0.05093583610717092,0.2739488391977654
45-45-45-43,45,45,45,43,0.5376781225204468,0.746122419834137,0.5912417769432068,0.7212280035018921,0.054778589890928577,0.05643206615154384,0.1118089871202269,0.05093583610717092,0.27395547926987024
45-46-45-43,45,46,45,43,0.5376781225204468,0.7461231350898743,0.5912417769432068,0.7212280035018921,0.054778589890928577,0.05643232816677107,0.1118089871202269,0.05093583610717092,0.2739557412850975
45-44-45-43,45,44,45,43,0.5376781225204468,0.746117115020752,0.5912417769432068,0.7212280035018921,0.054778589890928577,0.05643351845267544,0.1118089871202269,0.05093583610717092,0.2739569315710018
45-43-45-43,45,43,45,43,0.5376781225204468,0.746117115020752,0.5912417769432068,0.7212280035018921,0.054778589890928577,0.05643351986105618,0.1118089871202269,0.05093583610717092,0.27395693297938256
45-45-46-43,45,45,46,43,0.5376781225204468,0.746122419834137,0.5906524062156677,0.7212280035018921,0.054778589890928577,0.05643206615154384,0.11187557556415675,0.05093583610717092,0.2740220677138001
45-46-46-43,45,46,46,43,0.5376781225204468,0.7461231350898743,0.5906524062156677,0.7212280035018921,0.054778589890928577,0.05643232816677107,0.11187557556415675,0.05093583610717092,0.27402232972902735
45-44-46-43,45,44,46,43,0.5376781225204468,0.746117115020752,0.5906524062156677,0.7212280035018921,0.054778589890928577,0.05643351845267544,0.11187557556415675,0.05093583610717092,0.2740235200149317
45-43-46-43,45,43,46,43,0.5376781225204468,0.746117115020752,0.5906524062156677,0.7212280035018921,0.054778589890928577,0.05643351986105618,0.11187557556415675,0.05093583610717092,0.27402352142331243
46-47-49-45,46,47,49,45,0.5296960473060608,0.7470830082893372,0.5918325185775757,0.7217460870742798,0.05560372427617483,0.05615386120428056,0.11166307782829818,0.05084629435981709,0.2742669576685707
46-47-49-44,46,47,49,44,0.5296960473060608,0.7470830082893372,0.5918325185775757,0.721671462059021,0.05560372427617483,0.05615386120428056,0.11166307782829818,0.050854788749363035,0.2742754520581166
46-47-47-45,46,47,47,45,0.5296960473060608,0.7470830082893372,0.5916110873222351,0.7217460870742798,0.05560372427617483,0.05615386120428056,0.11167496598605615,0.05084629435981709,0.27427884582632867
46-47-48-45,46,47,48,45,0.5296960473060608,0.7470830082893372,0.5917304754257202,0.7217460870742798,0.05560372427617483,0.05615386120428056,0.11167644356041376,0.05084629435981709,0.27428032340068625
46-48-49-45,46,48,49,45,0.5296960473060608,0.747119128704071,0.5918325185775757,0.7217460870742798,0.05560372427617483,0.056167790685154546,0.11166307782829818,0.05084629435981709,0.27428088714944465
46-47-47-44,46,47,47,44,0.5296960473060608,0.7470830082893372,0.5916110873222351,0.721671462059021,0.05560372427617483,0.05615386120428056,0.11167496598605615,0.050854788749363035,0.2742873402158746
46-47-48-44,46,47,48,44,0.5296960473060608,0.7470830082893372,0.5917304754257202,0.721671462059021,0.05560372427617483,0.05615386120428056,0.11167644356041376,0.050854788749363035,0.2742888177902322
46-48-49-44,46,48,49,44,0.5296960473060608,0.747119128704071,0.5918325185775757,0.721671462059021,0.05560372427617483,0.056167790685154546,0.11166307782829818,0.050854788749363035,0.2742893815389906
46-48-47-45,46,48,47,45,0.5296960473060608,0.747119128704071,0.5916110873222351,0.7217460870742798,0.05560372427617483,0.056167790685154546,0.11167496598605615,0.05084629435981709,0.27429277530720264
46-48-48-45,46,48,48,45,0.5296960473060608,0.747119128704071,0.5917304754257202,0.7217460870742798,0.05560372427617483,0.056167790685154546,0.11167644356041376,0.05084629435981709,0.27429425288156023
46-48-47-44,46,48,47,44,0.5296960473060608,0.747119128704071,0.5916110873222351,0.721671462059021,0.05560372427617483,0.056167790685154546,0.11167496598605615,0.050854788749363035,0.27430126969674856
46-48-48-44,46,48,48,44,0.5296960473060608,0.747119128704071,0.5917304754257202,0.721671462059021,0.05560372427617483,0.056167790685154546,0.11167644356041376,0.050854788749363035,0.27430274727110615
46-47-44-45,46,47,44,45,0.5296960473060608,0.7470830082893372,0.591278076171875,0.7217460870742798,0.05560372427617483,0.05615386120428056,0.11173585711654588,0.05084629435981709,0.27433973695681835
46-47-43-45,46,47,43,45,0.5296960473060608,0.7470830082893372,0.5911560654640198,0.7217460870742798,0.05560372427617483,0.05615386120428056,0.11174325465546278,0.05084629435981709,0.2743471344957353
46-47-44-44,46,47,44,44,0.5296960473060608,0.7470830082893372,0.591278076171875,0.721671462059021,0.05560372427617483,0.05615386120428056,0.11173585711654588,0.050854788749363035,0.2743482313463643
46-48-44-45,46,48,44,45,0.5296960473060608,0.747119128704071,0.591278076171875,0.7217460870742798,0.05560372427617483,0.056167790685154546,0.11173585711654588,0.05084629435981709,0.2743536664376923
46-47-43-44,46,47,43,44,0.5296960473060608,0.7470830082893372,0.5911560654640198,0.721671462059021,0.05560372427617483,0.05615386120428056,0.11174325465546278,0.050854788749363035,0.2743556288852812
46-47-49-43,46,47,49,43,0.5296960473060608,0.7470830082893372,0.5918325185775757,0.7212280035018921,0.05560372427617483,0.05615386120428056,0.11166307782829818,0.05093583610717092,0.2743564994159245
46-48-43-45,46,48,43,45,0.5296960473060608,0.747119128704071,0.5911560654640198,0.7217460870742798,0.05560372427617483,0.056167790685154546,0.11174325465546278,0.05084629435981709,0.27436106397660925
46-48-44-44,46,48,44,44,0.5296960473060608,0.747119128704071,0.591278076171875,0.721671462059021,0.05560372427617483,0.056167790685154546,0.11173585711654588,0.050854788749363035,0.2743621608272383
46-47-47-43,46,47,47,43,0.5296960473060608,0.7470830082893372,0.5916110873222351,0.7212280035018921,0.05560372427617483,0.05615386120428056,0.11167496598605615,0.05093583610717092,0.2743683875736825
46-48-43-44,46,48,43,44,0.5296960473060608,0.747119128704071,0.5911560654640198,0.721671462059021,0.05560372427617483,0.056167790685154546,0.11174325465546278,0.050854788749363035,0.2743695583661552
46-47-48-43,46,47,48,43,0.5296960473060608,0.7470830082893372,0.5917304754257202,0.7212280035018921,0.05560372427617483,0.05615386120428056,0.11167644356041376,0.05093583610717092,0.27436986514804007
46-48-49-43,46,48,49,43,0.5296960473060608,0.747119128704071,0.5918325185775757,0.7212280035018921,0.05560372427617483,0.056167790685154546,0.11166307782829818,0.05093583610717092,0.27437042889679847
46-48-47-43,46,48,47,43,0.5296960473060608,0.747119128704071,0.5916110873222351,0.7212280035018921,0.05560372427617483,0.056167790685154546,0.11167496598605615,0.05093583610717092,0.27438231705455646
46-48-48-43,46,48,48,43,0.5296960473060608,0.747119128704071,0.5917304754257202,0.7212280035018921,0.05560372427617483,0.056167790685154546,0.11167644356041376,0.05093583610717092,0.27438379462891405
46-47-45-45,46,47,45,45,0.5296960473060608,0.7470830082893372,0.5912417769432068,0.7217460870742798,0.05560372427617483,0.05615386120428056,0.1118089871202269,0.05084629435981709,0.2744128669604994
46-47-45-44,46,47,45,44,0.5296960473060608,0.7470830082893372,0.5912417769432068,0.721671462059021,0.05560372427617483,0.05615386120428056,0.1118089871202269,0.050854788749363035,0.2744213613500453
46-48-45-45,46,48,45,45,0.5296960473060608,0.747119128704071,0.5912417769432068,0.7217460870742798,0.05560372427617483,0.056167790685154546,0.1118089871202269,0.05084629435981709,0.27442679644137336
46-47-44-43,46,47,44,43,0.5296960473060608,0.7470830082893372,0.591278076171875,0.7212280035018921,0.05560372427617483,0.05615386120428056,0.11173585711654588,0.05093583610717092,0.2744292787041722
46-48-45-44,46,48,45,44,0.5296960473060608,0.747119128704071,0.5912417769432068,0.721671462059021,0.05560372427617483,0.056167790685154546,0.1118089871202269,0.050854788749363035,0.27443529083091933
46-47-43-43,46,47,43,43,0.5296960473060608,0.7470830082893372,0.5911560654640198,0.7212280035018921,0.05560372427617483,0.05615386120428056,0.11174325465546278,0.05093583610717092,0.2744366762430891
46-48-44-43,46,48,44,43,0.5296960473060608,0.747119128704071,0.591278076171875,0.7212280035018921,0.05560372427617483,0.056167790685154546,0.11173585711654588,0.05093583610717092,0.2744432081850462
46-48-43-43,46,48,43,43,0.5296960473060608,0.747119128704071,0.5911560654640198,0.7212280035018921,0.05560372427617483,0.056167790685154546,0.11174325465546278,0.05093583610717092,0.27445060572396307
46-49-49-45,46,49,49,45,0.5296960473060608,0.7463195323944092,0.5918325185775757,0.7217460870742798,0.05560372427617483,0.05635883763550915,0.11166307782829818,0.05084629435981709,0.27447193409979925
46-47-46-45,46,47,46,45,0.5296960473060608,0.7470830082893372,0.5906524062156677,0.7217460870742798,0.05560372427617483,0.05615386120428056,0.11187557556415675,0.05084629435981709,0.27447945540442925
46-49-49-44,46,49,49,44,0.5296960473060608,0.7463195323944092,0.5918325185775757,0.721671462059021,0.05560372427617483,0.05635883763550915,0.11166307782829818,0.050854788749363035,0.2744804284893452
46-49-47-45,46,49,47,45,0.5296960473060608,0.7463195323944092,0.5916110873222351,0.7217460870742798,0.05560372427617483,0.05635883763550915,0.11167496598605615,0.05084629435981709,0.27448382225755724
46-49-48-45,46,49,48,45,0.5296960473060608,0.7463195323944092,0.5917304754257202,0.7217460870742798,0.05560372427617483,0.05635883763550915,0.11167644356041376,0.05084629435981709,0.27448529983191483
46-47-46-44,46,47,46,44,0.5296960473060608,0.7470830082893372,0.5906524062156677,0.721671462059021,0.05560372427617483,0.05615386120428056,0.11187557556415675,0.050854788749363035,0.27448794979397517
46-49-47-44,46,49,47,44,0.5296960473060608,0.7463195323944092,0.5916110873222351,0.721671462059021,0.05560372427617483,0.05635883763550915,0.11167496598605615,0.050854788749363035,0.27449231664710316
46-48-46-45,46,48,46,45,0.5296960473060608,0.747119128704071,0.5906524062156677,0.7217460870742798,0.05560372427617483,0.056167790685154546,0.11187557556415675,0.05084629435981709,0.2744933848853032
46-49-48-44,46,49,48,44,0.5296960473060608,0.7463195323944092,0.5917304754257202,0.721671462059021,0.05560372427617483,0.05635883763550915,0.11167644356041376,0.050854788749363035,0.27449379422146075
46-48-46-44,46,48,46,44,0.5296960473060608,0.747119128704071,0.5906524062156677,0.721671462059021,0.05560372427617483,0.056167790685154546,0.11187557556415675,0.050854788749363035,0.27450187927484915
46-47-45-43,46,47,45,43,0.5296960473060608,0.7470830082893372,0.5912417769432068,0.7212280035018921,0.05560372427617483,0.05615386120428056,0.1118089871202269,0.05093583610717092,0.2745024087078532
46-48-45-43,46,48,45,43,0.5296960473060608,0.747119128704071,0.5912417769432068,0.7212280035018921,0.05560372427617483,0.056167790685154546,0.1118089871202269,0.05093583610717092,0.2745163381887272
46-49-44-45,46,49,44,45,0.5296960473060608,0.7463195323944092,0.591278076171875,0.7217460870742798,0.05560372427617483,0.05635883763550915,0.11173585711654588,0.05084629435981709,0.274544713388047
46-45-49-45,46,45,49,45,0.5296960473060608,0.746122419834137,0.5918325185775757,0.7217460870742798,0.05560372427617483,0.05643206615154384,0.11166307782829818,0.05084629435981709,0.27454516261583395
46-46-49-45,46,46,49,45,0.5296960473060608,0.7461231350898743,0.5918325185775757,0.7217460870742798,0.05560372427617483,0.05643232816677107,0.11166307782829818,0.05084629435981709,0.2745454246310612
46-44-49-45,46,44,49,45,0.5296960473060608,0.746117115020752,0.5918325185775757,0.7217460870742798,0.05560372427617483,0.05643351845267544,0.11166307782829818,0.05084629435981709,0.2745466149169655
46-43-49-45,46,43,49,45,0.5296960473060608,0.746117115020752,0.5918325185775757,0.7217460870742798,0.05560372427617483,0.05643351986105618,0.11166307782829818,0.05084629435981709,0.27454661632534627
46-49-43-45,46,49,43,45,0.5296960473060608,0.7463195323944092,0.5911560654640198,0.7217460870742798,0.05560372427617483,0.05635883763550915,0.11174325465546278,0.05084629435981709,0.27455211092696385
46-49-44-44,46,49,44,44,0.5296960473060608,0.7463195323944092,0.591278076171875,0.721671462059021,0.05560372427617483,0.05635883763550915,0.11173585711654588,0.050854788749363035,0.2745532077775929
46-45-49-44,46,45,49,44,0.5296960473060608,0.746122419834137,0.5918325185775757,0.721671462059021,0.05560372427617483,0.05643206615154384,0.11166307782829818,0.050854788749363035,0.27455365700537987
46-46-49-44,46,46,49,44,0.5296960473060608,0.7461231350898743,0.5918325185775757,0.721671462059021,0.05560372427617483,0.05643232816677107,0.11166307782829818,0.050854788749363035,0.2745539190206071
46-44-49-44,46,44,49,44,0.5296960473060608,0.746117115020752,0.5918325185775757,0.721671462059021,0.05560372427617483,0.05643351845267544,0.11166307782829818,0.050854788749363035,0.2745551093065115
46-43-49-44,46,43,49,44,0.5296960473060608,0.746117115020752,0.5918325185775757,0.721671462059021,0.05560372427617483,0.05643351986105618,0.11166307782829818,0.050854788749363035,0.27455511071489225
46-45-47-45,46,45,47,45,0.5296960473060608,0.746122419834137,0.5916110873222351,0.7217460870742798,0.05560372427617483,0.05643206615154384,0.11167496598605615,0.05084629435981709,0.27455705077359194
46-46-47-45,46,46,47,45,0.5296960473060608,0.7461231350898743,0.5916110873222351,0.7217460870742798,0.05560372427617483,0.05643232816677107,0.11167496598605615,0.05084629435981709,0.2745573127888192
46-44-47-45,46,44,47,45,0.5296960473060608,0.746117115020752,0.5916110873222351,0.7217460870742798,0.05560372427617483,0.05643351845267544,0.11167496598605615,0.05084629435981709,0.2745585030747235
46-43-47-45,46,43,47,45,0.5296960473060608,0.746117115020752,0.5916110873222351,0.7217460870742798,0.05560372427617483,0.05643351986105618,0.11167496598605615,0.05084629435981709,0.27455850448310426
46-45-48-45,46,45,48,45,0.5296960473060608,0.746122419834137,0.5917304754257202,0.7217460870742798,0.05560372427617483,0.05643206615154384,0.11167644356041376,0.05084629435981709,0.2745585283479495
46-46-48-45,46,46,48,45,0.5296960473060608,0.7461231350898743,0.5917304754257202,0.7217460870742798,0.05560372427617483,0.05643232816677107,0.11167644356041376,0.05084629435981709,0.27455879036317676
46-44-48-45,46,44,48,45,0.5296960473060608,0.746117115020752,0.5917304754257202,0.7217460870742798,0.05560372427617483,0.05643351845267544,0.11167644356041376,0.05084629435981709,0.2745599806490811
46-43-48-45,46,43,48,45,0.5296960473060608,0.746117115020752,0.5917304754257202,0.7217460870742798,0.05560372427617483,0.05643351986105618,0.11167644356041376,0.05084629435981709,0.27455998205746185
46-49-43-44,46,49,43,44,0.5296960473060608,0.7463195323944092,0.5911560654640198,0.721671462059021,0.05560372427617483,0.05635883763550915,0.11174325465546278,0.050854788749363035,0.2745606053165098
46-49-49-43,46,49,49,43,0.5296960473060608,0.7463195323944092,0.5918325185775757,0.7212280035018921,0.05560372427617483,0.05635883763550915,0.11166307782829818,0.05093583610717092,0.27456147584715307
46-45-47-44,46,45,47,44,0.5296960473060608,0.746122419834137,0.5916110873222351,0.721671462059021,0.05560372427617483,0.05643206615154384,0.11167496598605615,0.050854788749363035,0.27456554516313786
46-46-47-44,46,46,47,44,0.5296960473060608,0.7461231350898743,0.5916110873222351,0.721671462059021,0.05560372427617483,0.05643232816677107,0.11167496598605615,0.050854788749363035,0.2745658071783651
46-44-47-44,46,44,47,44,0.5296960473060608,0.746117115020752,0.5916110873222351,0.721671462059021,0.05560372427617483,0.05643351845267544,0.11167496598605615,0.050854788749363035,0.2745669974642695
46-43-47-44,46,43,47,44,0.5296960473060608,0.746117115020752,0.5916110873222351,0.721671462059021,0.05560372427617483,0.05643351986105618,0.11167496598605615,0.050854788749363035,0.2745669988726502
46-45-48-44,46,45,48,44,0.5296960473060608,0.746122419834137,0.5917304754257202,0.721671462059021,0.05560372427617483,0.05643206615154384,0.11167644356041376,0.050854788749363035,0.27456702273749545
46-46-48-44,46,46,48,44,0.5296960473060608,0.7461231350898743,0.5917304754257202,0.721671462059021,0.05560372427617483,0.05643232816677107,0.11167644356041376,0.050854788749363035,0.2745672847527227
46-44-48-44,46,44,48,44,0.5296960473060608,0.746117115020752,0.5917304754257202,0.721671462059021,0.05560372427617483,0.05643351845267544,0.11167644356041376,0.050854788749363035,0.2745684750386271
46-43-48-44,46,43,48,44,0.5296960473060608,0.746117115020752,0.5917304754257202,0.721671462059021,0.05560372427617483,0.05643351986105618,0.11167644356041376,0.050854788749363035,0.2745684764470078
46-47-46-43,46,47,46,43,0.5296960473060608,0.7470830082893372,0.5906524062156677,0.7212280035018921,0.05560372427617483,0.05615386120428056,0.11187557556415675,0.05093583610717092,0.27456899715178307
46-49-47-43,46,49,47,43,0.5296960473060608,0.7463195323944092,0.5916110873222351,0.7212280035018921,0.05560372427617483,0.05635883763550915,0.11167496598605615,0.05093583610717092,0.27457336400491106
46-49-48-43,46,49,48,43,0.5296960473060608,0.7463195323944092,0.5917304754257202,0.7212280035018921,0.05560372427617483,0.05635883763550915,0.11167644356041376,0.05093583610717092,0.27457484157926865
46-48-46-43,46,48,46,43,0.5296960473060608,0.747119128704071,0.5906524062156677,0.7212280035018921,0.05560372427617483,0.056167790685154546,0.11187557556415675,0.05093583610717092,0.27458292663265704
46-49-45-45,46,49,45,45,0.5296960473060608,0.7463195323944092,0.5912417769432068,0.7217460870742798,0.05560372427617483,0.05635883763550915,0.1118089871202269,0.05084629435981709,0.27461784339172796
46-45-44-45,46,45,44,45,0.5296960473060608,0.746122419834137,0.591278076171875,0.7217460870742798,0.05560372427617483,0.05643206615154384,0.11173585711654588,0.05084629435981709,0.2746179419040816
46-46-44-45,46,46,44,45,0.5296960473060608,0.7461231350898743,0.591278076171875,0.7217460870742798,0.05560372427617483,0.05643232816677107,0.11173585711654588,0.05084629435981709,0.27461820391930886
46-44-44-45,46,44,44,45,0.5296960473060608,0.746117115020752,0.591278076171875,0.7217460870742798,0.05560372427617483,0.05643351845267544,0.11173585711654588,0.05084629435981709,0.27461939420521325
46-43-44-45,46,43,44,45,0.5296960473060608,0.746117115020752,0.591278076171875,0.7217460870742798,0.05560372427617483,0.05643351986105618,0.11173585711654588,0.05084629435981709,0.274619395613594
46-45-43-45,46,45,43,45,0.5296960473060608,0.746122419834137,0.5911560654640198,0.7217460870742798,0.05560372427617483,0.05643206615154384,0.11174325465546278,0.05084629435981709,0.27462533944299855
46-46-43-45,46,46,43,45,0.5296960473060608,0.7461231350898743,0.5911560654640198,0.7217460870742798,0.05560372427617483,0.05643232816677107,0.11174325465546278,0.05084629435981709,0.2746256014582258
46-49-45-44,46,49,45,44,0.5296960473060608,0.7463195323944092,0.5912417769432068,0.721671462059021,0.05560372427617483,0.05635883763550915,0.1118089871202269,0.050854788749363035,0.27462633778127393
46-45-44-44,46,45,44,44,0.5296960473060608,0.746122419834137,0.591278076171875,0.721671462059021,0.05560372427617483,0.05643206615154384,0.11173585711654588,0.050854788749363035,0.2746264362936276
46-46-44-44,46,46,44,44,0.5296960473060608,0.7461231350898743,0.591278076171875,0.721671462059021,0.05560372427617483,0.05643232816677107,0.11173585711654588,0.050854788749363035,0.27462669830885483
46-44-43-45,46,44,43,45,0.5296960473060608,0.746117115020752,0.5911560654640198,0.7217460870742798,0.05560372427617483,0.05643351845267544,0.11174325465546278,0.05084629435981709,0.2746267917441301
46-43-43-45,46,43,43,45,0.5296960473060608,0.746117115020752,0.5911560654640198,0.7217460870742798,0.05560372427617483,0.05643351986105618,0.11174325465546278,0.05084629435981709,0.2746267931525109
46-44-44-44,46,44,44,44,0.5296960473060608,0.746117115020752,0.591278076171875,0.721671462059021,0.05560372427617483,0.05643351845267544,0.11173585711654588,0.050854788749363035,0.2746278885947592
46-43-44-44,46,43,44,44,0.5296960473060608,0.746117115020752,0.591278076171875,0.721671462059021,0.05560372427617483,0.05643351986105618,0.11173585711654588,0.050854788749363035,0.2746278900031399
46-45-43-44,46,45,43,44,0.5296960473060608,0.746122419834137,0.5911560654640198,0.721671462059021,0.05560372427617483,0.05643206615154384,0.11174325465546278,0.050854788749363035,0.27463383383254447
46-46-43-44,46,46,43,44,0.5296960473060608,0.7461231350898743,0.5911560654640198,0.721671462059021,0.05560372427617483,0.05643232816677107,0.11174325465546278,0.050854788749363035,0.2746340958477717
46-49-44-43,46,49,44,43,0.5296960473060608,0.7463195323944092,0.591278076171875,0.7212280035018921,0.05560372427617483,0.05635883763550915,0.11173585711654588,0.05093583610717092,0.2746342551354008
46-45-49-43,46,45,49,43,0.5296960473060608,0.746122419834137,0.5918325185775757,0.7212280035018921,0.05560372427617483,0.05643206615154384,0.11166307782829818,0.05093583610717092,0.27463470436318776
46-46-49-43,46,46,49,43,0.5296960473060608,0.7461231350898743,0.5918325185775757,0.7212280035018921,0.05560372427617483,0.05643232816677107,0.11166307782829818,0.05093583610717092,0.274634966378415
46-44-43-44,46,44,43,44,0.5296960473060608,0.746117115020752,0.5911560654640198,0.721671462059021,0.05560372427617483,0.05643351845267544,0.11174325465546278,0.050854788749363035,0.2746352861336761
46-43-43-44,46,43,43,44,0.5296960473060608,0.746117115020752,0.5911560654640198,0.721671462059021,0.05560372427617483,0.05643351986105618,0.11174325465546278,0.050854788749363035,0.27463528754205685
46-44-49-43,46,44,49,43,0.5296960473060608,0.746117115020752,0.5918325185775757,0.7212280035018921,0.05560372427617483,0.05643351845267544,0.11166307782829818,0.05093583610717092,0.2746361566643194
46-43-49-43,46,43,49,43,0.5296960473060608,0.746117115020752,0.5918325185775757,0.7212280035018921,0.05560372427617483,0.05643351986105618,0.11166307782829818,0.05093583610717092,0.27463615807270014
46-49-43-43,46,49,43,43,0.5296960473060608,0.7463195323944092,0.5911560654640198,0.7212280035018921,0.05560372427617483,0.05635883763550915,0.11174325465546278,0.05093583610717092,0.27464165267431767
46-45-47-43,46,45,47,43,0.5296960473060608,0.746122419834137,0.5916110873222351,0.7212280035018921,0.05560372427617483,0.05643206615154384,0.11167496598605615,0.05093583610717092,0.27464659252094575
46-46-47-43,46,46,47,43,0.5296960473060608,0.7461231350898743,0.5916110873222351,0.7212280035018921,0.05560372427617483,0.05643232816677107,0.11167496598605615,0.05093583610717092,0.274646854536173
46-44-47-43,46,44,47,43,0.5296960473060608,0.746117115020752,0.5916110873222351,0.7212280035018921,0.05560372427617483,0.05643351845267544,0.11167496598605615,0.05093583610717092,0.27464804482207733
46-43-47-43,46,43,47,43,0.5296960473060608,0.746117115020752,0.5916110873222351,0.7212280035018921,0.05560372427617483,0.05643351986105618,0.11167496598605615,0.05093583610717092,0.2746480462304581
46-45-48-43,46,45,48,43,0.5296960473060608,0.746122419834137,0.5917304754257202,0.7212280035018921,0.05560372427617483,0.05643206615154384,0.11167644356041376,0.05093583610717092,0.27464807009530334
46-46-48-43,46,46,48,43,0.5296960473060608,0.7461231350898743,0.5917304754257202,0.7212280035018921,0.05560372427617483,0.05643232816677107,0.11167644356041376,0.05093583610717092,0.2746483321105306
46-44-48-43,46,44,48,43,0.5296960473060608,0.746117115020752,0.5917304754257202,0.7212280035018921,0.05560372427617483,0.05643351845267544,0.11167644356041376,0.05093583610717092,0.274649522396435
46-43-48-43,46,43,48,43,0.5296960473060608,0.746117115020752,0.5917304754257202,0.7212280035018921,0.05560372427617483,0.05643351986105618,0.11167644356041376,0.05093583610717092,0.27464952380481567
46-49-46-45,46,49,46,45,0.5296960473060608,0.7463195323944092,0.5906524062156677,0.7217460870742798,0.05560372427617483,0.05635883763550915,0.11187557556415675,0.05084629435981709,0.2746844318356578
46-45-45-45,46,45,45,45,0.5296960473060608,0.746122419834137,0.5912417769432068,0.7217460870742798,0.05560372427617483,0.05643206615154384,0.1118089871202269,0.05084629435981709,0.27469107190776265
46-46-45-45,46,46,45,45,0.5296960473060608,0.7461231350898743,0.5912417769432068,0.7217460870742798,0.05560372427617483,0.05643232816677107,0.1118089871202269,0.05084629435981709,0.2746913339229899
46-44-45-45,46,44,45,45,0.5296960473060608,0.746117115020752,0.5912417769432068,0.7217460870742798,0.05560372427617483,0.05643351845267544,0.1118089871202269,0.05084629435981709,0.2746925242088943
46-43-45-45,46,43,45,45,0.5296960473060608,0.746117115020752,0.5912417769432068,0.7217460870742798,0.05560372427617483,0.05643351986105618,0.1118089871202269,0.05084629435981709,0.274692525617275
46-49-46-44,46,49,46,44,0.5296960473060608,0.7463195323944092,0.5906524062156677,0.721671462059021,0.05560372427617483,0.05635883763550915,0.11187557556415675,0.050854788749363035,0.27469292622520375
46-45-45-44,46,45,45,44,0.5296960473060608,0.746122419834137,0.5912417769432068,0.721671462059021,0.05560372427617483,0.05643206615154384,0.1118089871202269,0.050854788749363035,0.27469956629730863
46-46-45-44,46,46,45,44,0.5296960473060608,0.7461231350898743,0.5912417769432068,0.721671462059021,0.05560372427617483,0.05643232816677107,0.1118089871202269,0.050854788749363035,0.2746998283125358
46-44-45-44,46,44,45,44,0.5296960473060608,0.746117115020752,0.5912417769432068,0.721671462059021,0.05560372427617483,0.05643351845267544,0.1118089871202269,0.050854788749363035,0.2747010185984402
46-43-45-44,46,43,45,44,0.5296960473060608,0.746117115020752,0.5912417769432068,0.721671462059021,0.05560372427617483,0.05643351986105618,0.1118089871202269,0.050854788749363035,0.27470102000682095
46-49-45-43,46,49,45,43,0.5296960473060608,0.7463195323944092,0.5912417769432068,0.7212280035018921,0.05560372427617483,0.05635883763550915,0.1118089871202269,0.05093583610717092,0.2747073851390818
46-45-44-43,46,45,44,43,0.5296960473060608,0.746122419834137,0.591278076171875,0.7212280035018921,0.05560372427617483,0.05643206615154384,0.11173585711654588,0.05093583610717092,0.2747074836514355
46-46-44-43,46,46,44,43,0.5296960473060608,0.7461231350898743,0.591278076171875,0.7212280035018921,0.05560372427617483,0.05643232816677107,0.11173585711654588,0.05093583610717092,0.27470774566666273
46-44-44-43,46,44,44,43,0.5296960473060608,0.746117115020752,0.591278076171875,0.7212280035018921,0.05560372427617483,0.05643351845267544,0.11173585711654588,0.05093583610717092,0.27470893595256707
46-43-44-43,46,43,44,43,0.5296960473060608,0.746117115020752,0.591278076171875,0.7212280035018921,0.05560372427617483,0.05643351986105618,0.11173585711654588,0.05093583610717092,0.2747089373609478
46-45-43-43,46,45,43,43,0.5296960473060608,0.746122419834137,0.5911560654640198,0.7212280035018921,0.05560372427617483,0.05643206615154384,0.11174325465546278,0.05093583610717092,0.27471488119035237
46-46-43-43,46,46,43,43,0.5296960473060608,0.7461231350898743,0.5911560654640198,0.7212280035018921,0.05560372427617483,0.05643232816677107,0.11174325465546278,0.05093583610717092,0.2747151432055796
46-44-43-43,46,44,43,43,0.5296960473060608,0.746117115020752,0.5911560654640198,0.7212280035018921,0.05560372427617483,0.05643351845267544,0.11174325465546278,0.05093583610717092,0.274716333491484
46-43-43-43,46,43,43,43,0.5296960473060608,0.746117115020752,0.5911560654640198,0.7212280035018921,0.05560372427617483,0.05643351986105618,0.11174325465546278,0.05093583610717092,0.2747163348998647
46-45-46-45,46,45,46,45,0.5296960473060608,0.746122419834137,0.5906524062156677,0.7217460870742798,0.05560372427617483,0.05643206615154384,0.11187557556415675,0.05084629435981709,0.2747576603516925
46-46-46-45,46,46,46,45,0.5296960473060608,0.7461231350898743,0.5906524062156677,0.7217460870742798,0.05560372427617483,0.05643232816677107,0.11187557556415675,0.05084629435981709,0.27475792236691976
46-44-46-45,46,44,46,45,0.5296960473060608,0.746117115020752,0.5906524062156677,0.7217460870742798,0.05560372427617483,0.05643351845267544,0.11187557556415675,0.05084629435981709,0.2747591126528241
46-43-46-45,46,43,46,45,0.5296960473060608,0.746117115020752,0.5906524062156677,0.7217460870742798,0.05560372427617483,0.05643351986105618,0.11187557556415675,0.05084629435981709,0.27475911406120485
46-45-46-44,46,45,46,44,0.5296960473060608,0.746122419834137,0.5906524062156677,0.721671462059021,0.05560372427617483,0.05643206615154384,0.11187557556415675,0.050854788749363035,0.27476615474123844
46-46-46-44,46,46,46,44,0.5296960473060608,0.7461231350898743,0.5906524062156677,0.721671462059021,0.05560372427617483,0.05643232816677107,0.11187557556415675,0.050854788749363035,0.2747664167564657
46-44-46-44,46,44,46,44,0.5296960473060608,0.746117115020752,0.5906524062156677,0.721671462059021,0.05560372427617483,0.05643351845267544,0.11187557556415675,0.050854788749363035,0.2747676070423701
46-43-46-44,46,43,46,44,0.5296960473060608,0.746117115020752,0.5906524062156677,0.721671462059021,0.05560372427617483,0.05643351986105618,0.11187557556415675,0.050854788749363035,0.2747676084507508
46-49-46-43,46,49,46,43,0.5296960473060608,0.7463195323944092,0.5906524062156677,0.7212280035018921,0.05560372427617483,0.05635883763550915,0.11187557556415675,0.05093583610717092,0.27477397358301164
46-45-45-43,46,45,45,43,0.5296960473060608,0.746122419834137,0.5912417769432068,0.7212280035018921,0.05560372427617483,0.05643206615154384,0.1118089871202269,0.05093583610717092,0.2747806136551165
46-46-45-43,46,46,45,43,0.5296960473060608,0.7461231350898743,0.5912417769432068,0.7212280035018921,0.05560372427617483,0.05643232816677107,0.1118089871202269,0.05093583610717092,0.2747808756703437
46-44-45-43,46,44,45,43,0.5296960473060608,0.746117115020752,0.5912417769432068,0.7212280035018921,0.05560372427617483,0.05643351845267544,0.1118089871202269,0.05093583610717092,0.2747820659562481
46-43-45-43,46,43,45,43,0.5296960473060608,0.746117115020752,0.5912417769432068,0.7212280035018921,0.05560372427617483,0.05643351986105618,0.1118089871202269,0.05093583610717092,0.27478206736462885
46-45-46-43,46,45,46,43,0.5296960473060608,0.746122419834137,0.5906524062156677,0.7212280035018921,0.05560372427617483,0.05643206615154384,0.11187557556415675,0.05093583610717092,0.27484720209904634
46-46-46-43,46,46,46,43,0.5296960473060608,0.7461231350898743,0.5906524062156677,0.7212280035018921,0.05560372427617483,0.05643232816677107,0.11187557556415675,0.05093583610717092,0.2748474641142736
46-44-46-43,46,44,46,43,0.5296960473060608,0.746117115020752,0.5906524062156677,0.7212280035018921,0.05560372427617483,0.05643351845267544,0.11187557556415675,0.05093583610717092,0.27484865440017797
46-43-46-43,46,43,46,43,0.5296960473060608,0.746117115020752,0.5906524062156677,0.7212280035018921,0.05560372427617483,0.05643351986105618,0.11187557556415675,0.05093583610717092,0.27484865580855866
