Complexity,Loss,Equation
1,0.27919692,"0.33199042"
3,0.273558,"x1 * -0.34036997"
4,0.21183364,"exp(-1.9313372 - x0)"
5,0.16334486,"(0.9753892 - x1) * 0.34036547"
6,0.14680466,"(abs(x1) - x0) * 0.36596107"
7,0.12760568,"((1.438594 - x1) - x0) * 0.23076512"
8,0.12657914,"(abs(1.341183 - x0) - x1) * 0.2372995"
10,0.12030233,"0.80234754 - tanh(((x0 + x1) * 0.34556475) - -0.6335118)"
12,0.11781034,"((tanh(x1 * x2) - x1) + (1.0925435 - x0)) * 0.23907605"
13,0.117160685,"((sqrt(abs(x1 + x2)) - x1) + (0.39352825 - x0)) * 0.22576597"
14,0.11667359,"((sqrt(abs(x2 + x1) + abs(x0)) - x1) - x0) * 0.22732106"
15,0.116517454,"((sqrt(abs(x1 + x2) + sqrt(abs(x0))) - x1) - x0) * 0.22819138"
16,0.1163912,"(((sqrt(abs((x2 + tanh(x0)) + x1)) - x0) - x1) * 0.22578949) - -0.050575588"
17,0.11607339,"(((sqrt(abs(x2 + (x1 + (x0 * 0.4098552)))) - x0) - x1) * 0.2249126) - -0.06786035"
18,0.11605793,"(((sqrt(abs((tanh(x0 * 0.5062283) + x2) + x1)) - x0) - x1) * 0.22555645) - -0.0651395"
19,0.115894906,"(((sqrt(abs(((x1 + x2) + -0.15028432) + (x0 * 0.41866323))) - x0) - x1) * 0.22018929) - -0.07343593"
20,0.11568492,"(((sqrt(abs(x2 + ((tanh(x0 + 0.96798724) + x1) + -0.7931372))) - x0) - x1) * 0.2147089) - -0.07474214"
21,0.115128115,"((sqrt(abs(x0 * (tanh(x2) + -0.5714044)) + abs(x2 + x1)) - x0) - (x1 - 0.2786571)) * 0.21172178"
23,0.11500524,"((sqrt(abs(x2 + x1) + abs((tanh(x2 * 1.6692472) + -0.6470289) * x0)) - x0) - (x1 - 0.26140264)) * 0.21027179"
24,0.11483663,"((sqrt(abs(x2 + x1) + abs(x0 * (tanh(x2 / exp(x1)) + -0.66623205))) - x0) - (x1 - 0.25262704)) * 0.21043801"
25,0.114829645,"((sqrt(abs(x1 + x2) + abs((tanh(x2 / exp(tanh(x1))) + -0.6630306) * x0)) - x0) - (x1 - 0.26562515)) * 0.21002164"
