{
  "nii_6584_ew_mean": [
    -10269.498046875,
    -10202.1337890625,
    -10094.51171875,
    -10182.7919921875,
    -10127.4716796875,
    -10165.951171875,
    -10174.0234375,
    -10098.048828125,
    -10154.8740234375,
    -9901.9814453125
  ],
  "halpha_ew_mean": [
    -9611.4638671875,
    -9715.5478515625,
    -9735.109375,
    -9628.6630859375,
    -9638.7978515625,
    -9633.5703125,
    -9643.822265625,
    -9663.6513671875,
    -9422.892578125,
    -9651.94921875
  ],
  "oiii_5007_ew_mean": [
    -8710.7509765625,
    -8434.8349609375,
    -8532.9697265625,
    -8634.7333984375,
    -8607.2275390625,
    -8493.283203125,
    -8382.9091796875,
    -8571.9833984375,
    -8841.4248046875,
    -8547.2783203125
  ],
  "hbeta_ew_mean": [
    -10284.796875,
    -10340.4501953125,
    -10219.853515625,
    -10347.013671875,
    -10131.3564453125,
    -10056.2265625,
    -10004.8818359375,
    -10120.02734375,
    -10044.7158203125,
    -10329.904296875
  ],
  "nii_6584_ew_std": [
    -13465.84765625,
    -13381.78515625,
    -13547.1865234375,
    -13283.3212890625,
    -13285.7802734375,
    -13199.0166015625,
    -13357.6572265625,
    -13188.0634765625,
    -13429.310546875,
    -13370.626953125
  ],
  "halpha_ew_std": [
    -12603.2080078125,
    -12470.2314453125,
    -12555.7890625,
    -12591.1552734375,
    -12603.068359375,
    -12760.3203125,
    -12530.3046875,
    -12482.6904296875,
    -12656.4423828125,
    -12593.3779296875
  ],
  "oiii_5007_ew_std": [
    -11441.2265625,
    -11365.8935546875,
    -11505.7578125,
    -11636.1494140625,
    -11420.041015625,
    -11460.2861328125,
    -11320.638671875,
    -11305.4638671875,
    -11397.7431640625,
    -11371.7763671875
  ],
  "hbeta_ew_std": [
    -12655.5,
    -12482.4033203125,
    -12615.5244140625,
    -12718.7998046875,
    -12557.11328125,
    -12797.115234375,
    -12580.5791015625,
    -12697.6201171875,
    -12644.44140625,
    -12404.509765625
  ],
  "cov_nii_6584_ew_halpha_ew": [
    -17019.251953125,
    -16793.34375,
    -16988.517578125,
    -16985.078125,
    -16818.138671875,
    -16826.322265625,
    -17017.7578125,
    -16705.466796875,
    -17068.111328125,
    -16811.271484375
  ],
  "cov_nii_6584_ew_oiii_5007_ew": [
    -16565.14453125,
    -16504.892578125,
    -16418.05859375,
    -16593.109375,
    -16542.7890625,
    -16592.02734375,
    -16621.3515625,
    -16370.9638671875,
    -16654.953125,
    -16611.216796875
  ],
  "cov_nii_6584_ew_hbeta_ew": [
    -17302.150390625,
    -17120.580078125,
    -17289.4453125,
    -17424.87890625,
    -17164.72265625,
    -17260.109375,
    -17281.951171875,
    -17337.37109375,
    -17406.4140625,
    -17171.66015625
  ],
  "cov_halpha_ew_oiii_5007_ew": [
    -15024.0751953125,
    -15020.5546875,
    -14800.98046875,
    -15185.41015625,
    -14887.0078125,
    -15038.130859375,
    -14840.390625,
    -14722.7470703125,
    -15201.2236328125,
    -14852.041015625
  ],
  "cov_halpha_ew_hbeta_ew": [
    -15583.802734375,
    -15361.087890625,
    -15517.2744140625,
    -15512.5400390625,
    -15465.072265625,
    -15506.92578125,
    -15594.310546875,
    -15541.197265625,
    -15658.54296875,
    -15378.501953125
  ],
  "cov_oiii_5007_ew_hbeta_ew": [
    -15193.2080078125,
    -15224.5634765625,
    -15096.962890625,
    -15388.1298828125,
    -15028.984375,
    -15247.37109375,
    -15005.1865234375,
    -14912.0009765625,
    -15405.0888671875,
    -15032.771484375
  ]
}